Row ID,Original Advisory,Level,Keywords Extracted
1,Flooding is possible,0,"flooding possible(0.76), possible(0.48), flooding(0.44)"
2,"Light to moderate rains are expected over the area, nearby provinces, nearby areas, low-lying areas and northern areas",0,"nearby(0.36), areas(0.33), areas low(0.26), areas northern(0.26), nearby provinces(0.26), rains expected(0.26), northern areas(0.25), nearby areas(0.22), area(0.21), northern(0.21), moderate rains(0.20), provinces(0.20), lying areas(0.18), low lying(0.17), lying(0.17), expected(0.16), low(0.15), rains(0.15), light moderate(0.14), moderate(0.12), light(0.12)"
3,Light to moderate rains affecting the vicinity and may affect nearby areas.,0,"rains affecting(0.37), affect nearby(0.34), affecting(0.34), vicinity(0.34), affect(0.31), nearby areas(0.31), moderate rains(0.29), nearby(0.26), rains(0.22), light moderate(0.20), moderate(0.18), light(0.18), areas(0.15)"
4,"Light to moderate rains are expected over the rest of upland areas, rest of the valley, and rest of mountainous areas within the next 2 to 3 hours.",0,"rest(0.72), expected rest(0.24), mountainous areas(0.23), upland(0.23), upland areas(0.23), rains expected(0.21), mountainous(0.20), valley(0.20), areas(0.18), moderate rains(0.17), hours(0.14), expected(0.13), rains(0.12), light moderate(0.11), moderate(0.10), light(0.10)"
5,Light to moderate rains and thunderstorms are forecast within 12 hours.,0,"forecast 12(0.37), rains thunderstorms(0.37), thunderstorms forecast(0.37), 12(0.32), 12 hours(0.32), forecast(0.27), moderate rains(0.26), thunderstorms(0.26), hours(0.22), rains(0.19), light moderate(0.17), moderate(0.16), light(0.16)"
6,Light to occasionally moderate rains and thunderstorms are forecast within 12 hours.,0,"forecast 12(0.32), light occasionally(0.32), occasionally moderate(0.32), rains thunderstorms(0.32), thunderstorms forecast(0.32), occasionally(0.30), 12(0.28), 12 hours(0.28), forecast(0.23), moderate rains(0.22), thunderstorms(0.22), hours(0.19), rains(0.16), moderate(0.13), light(0.13)"
7,"Light to Moderate rains are expected over, , the rest of, the rest of, the rest of, the rest of, and within the next 2 to 3 hours.",0,"rest(0.90), expected rest(0.23), rains expected(0.20), moderate rains(0.16), hours(0.14), expected(0.12), rains(0.12), light moderate(0.11), moderate(0.09), light(0.09)"
8,"Local flooding is possible in some areas due to impounded water and poor/clogged drainage systems, and residents are advised to continue monitoring updates from PAGASA",0,"areas impounded(0.23), impounded(0.23), impounded water(0.23), residents advised(0.23), updates pagasa(0.23), clogged(0.22), clogged drainage(0.22), local flooding(0.22), poor clogged(0.22), possible areas(0.22), water poor(0.22), flooding possible(0.19), monitoring updates(0.19), pagasa(0.19), drainage systems(0.18), poor(0.18), continue monitoring(0.17), residents(0.17), updates(0.17), monitoring(0.16), drainage(0.15), systems(0.15), water(0.15), continue(0.14), local(0.14), advised(0.13), possible(0.12), flooding(0.11), areas(0.09)"
9,Patuloy na bumababa ang lebel ng tubig sa mga maliliit at malalaking ilog,0,"ilog(0.26), lebel(0.26), lebel ng(0.26), malalaking(0.26), malalaking ilog(0.26), mga(0.26), na(0.26), ng tubig(0.26), patuloy(0.26), sa mga(0.26), tubig(0.26), tubig sa(0.26), ang(0.25), ng(0.25), sa(0.25)"
10,Light to moderate rains were still observed over the past 12 hours but are expected to intensify today. Heavy to intense rains are forecast to pour over the basin from this morning until the next 24 hours.,0,"hours(0.32), rains(0.27), intensify(0.26), past(0.26), rains forecast(0.26), morning(0.25), rains observed(0.25), heavy intense(0.24), observed(0.24), 12(0.23), 12 hours(0.23), intense(0.23), basin(0.22), forecast(0.19), today(0.19), moderate rains(0.18), expected(0.14), light moderate(0.12), heavy(0.11), moderate(0.11), light(0.11)"
11,"Light to moderate rains are expected over central plains, the region, nearby areas, the area and the metropolitan area.",0,"area(0.42), areas area(0.30), plains region(0.30), central plains(0.26), rains expected(0.26), metropolitan(0.25), metropolitan area(0.25), central(0.24), plains(0.23), region(0.23), nearby areas(0.21), moderate rains(0.20), nearby(0.18), expected(0.16), rains(0.15), light moderate(0.14), moderate(0.12), light(0.12), areas(0.11)"
12,"Light to moderate rains affecting northern areas, low-lying areas and the vicinity and may affect nearby areas.",0,"areas(0.32), affecting northern(0.28), areas vicinity(0.26), areas low(0.25), rains affecting(0.25), northern areas(0.25), affect nearby(0.24), affecting(0.24), vicinity(0.24), affect(0.21), nearby areas(0.21), northern(0.21), moderate rains(0.20), lying areas(0.18), nearby(0.18), low lying(0.16), lying(0.16), low(0.15), rains(0.15), light moderate(0.14), moderate(0.12), light(0.12)"
13,"Light to moderate with occasional heavy rains are expected over the region, the peninsula, the metropolitan area, the area, the province and nearby provinces.",0,"area(0.39), area area(0.27), area province(0.27), peninsula(0.24), moderate occasional(0.23), nearby provinces(0.23), rains expected(0.23), metropolitan(0.23), metropolitan area(0.23), occasional heavy(0.23), province(0.21), occasional(0.21), region(0.21), heavy rains(0.19), provinces(0.19), nearby(0.17), expected(0.15), rains(0.14), light moderate(0.13), heavy(0.12), moderate(0.11), light(0.11)"
14,"Light to moderate with occasional heavy rains affecting northern areas, the vicinity, nearby areas, coastal areas, low-lying areas and central plains and may affect nearby areas.",0,"areas(0.38), nearby areas(0.30), nearby(0.25), vicinity nearby(0.21), affecting northern(0.19), areas central(0.19), areas vicinity(0.19), areas low(0.18), central plains(0.18), moderate occasional(0.18), rains affecting(0.18), northern areas(0.17), occasional heavy(0.17), affect nearby(0.17), affecting(0.17), vicinity(0.17), central(0.16), occasional(0.16), plains(0.16), affect(0.15), coastal areas(0.15), northern(0.15), coastal(0.14), heavy rains(0.14), lying areas(0.13), low lying(0.12), lying(0.12), low(0.11), rains(0.10), light moderate(0.10), heavy(0.09), moderate(0.09), light(0.09)"
15,"Light to moderate with occasional heavy rains are expected over low-lying areas, the area, the metropolitan area, the region and central plains.",0,"area(0.39), areas area(0.28), central plains(0.24), moderate occasional(0.24), rains expected(0.24), metropolitan(0.23), metropolitan area(0.23), occasional heavy(0.23), central(0.22), occasional(0.21), plains(0.21), region(0.21), heavy rains(0.19), lying areas(0.17), low lying(0.16), lying(0.16), expected(0.15), low(0.14), rains(0.14), light moderate(0.13), heavy(0.12), moderate(0.12), light(0.12), areas(0.10)"
16,"Light to moderate with occasional heavy rains affecting nearby provinces, the peninsula, the province, coastal areas and nearby areas and may affect nearby areas.",0,"nearby(0.44), nearby areas(0.35), areas(0.26), affecting nearby(0.23), peninsula(0.22), moderate occasional(0.21), nearby provinces(0.21), rains affecting(0.21), occasional heavy(0.20), affect nearby(0.20), affecting(0.20), province(0.19), occasional(0.19), affect(0.17), coastal areas(0.17), coastal(0.17), heavy rains(0.16), provinces(0.16), rains(0.12), light moderate(0.11), heavy(0.10), moderate(0.10), light(0.10)"
17,"Light to moderate rains was observed over the vicinity, nearby provinces, nearby areas, the area and low-lying areas for the past 3 hours. With this development all RAINFALL WARNING in these areas are now terminated.",0,"nearby(0.30), areas(0.27), area low(0.24), areas area(0.24), development(0.24), past(0.24), vicinity nearby(0.24), rainfall warning(0.23), rains observed(0.23), observed(0.22), nearby provinces(0.21), vicinity(0.20), warning(0.20), nearby areas(0.18), area(0.17), moderate rains(0.17), provinces(0.17), lying areas(0.15), hours(0.14), low lying(0.14), lying(0.14), low(0.12), rains(0.12), rainfall(0.11), light moderate(0.11), moderate(0.10), light(0.10)"
18,"Meanwhile, expect light to moderate rains over central plains, the region, coastal areas, the peninsula and the vicinity within the next 3 hours.",0,"plains region(0.32), expect light(0.29), peninsula(0.29), central plains(0.28), expect(0.28), vicinity(0.27), central(0.26), plains(0.25), region(0.25), coastal areas(0.23), coastal(0.23), moderate rains(0.22), hours(0.19), rains(0.17), light moderate(0.15), moderate(0.14), light(0.14), areas(0.12)"
19,"Light to moderate with occasional heavy rains affecting the metropolitan area, the province, low-lying areas and northern areas which may persist within 3 hours and may affect nearby areas.",0,"areas(0.26), area province(0.23), areas persist(0.21), hours affect(0.21), areas northern(0.20), moderate occasional(0.20), persist hours(0.20), rains affecting(0.20), metropolitan(0.20), metropolitan area(0.20), northern areas(0.20), occasional heavy(0.20), affect nearby(0.19), affecting(0.19), province(0.19), occasional(0.18), persist(0.18), affect(0.17), nearby areas(0.17), area(0.17), northern(0.17), heavy rains(0.16), lying areas(0.14), nearby(0.14), hours(0.14), low lying(0.13), lying(0.13), low(0.12), rains(0.12), light moderate(0.11), heavy(0.10), moderate(0.10), light(0.10)"
20,"Meanwhile, light to moderate with occasional heavy rains affecting northern areas, the region, the province, the metropolitan area, the peninsula, coastal areas, central plains, nearby provinces and low-lying areas which may persist within 3 hours.",0,"areas(0.23), affecting northern(0.20), areas central(0.20), areas persist(0.19), areas region(0.19), peninsula(0.19), central plains(0.18), moderate occasional(0.18), nearby provinces(0.18), persist hours(0.18), rains affecting(0.18), metropolitan(0.18), metropolitan area(0.18), northern areas(0.18), occasional heavy(0.18), affecting(0.17), central(0.17), province(0.17), occasional(0.16), persist(0.16), plains(0.16), region(0.16), area(0.15), coastal areas(0.15), northern(0.15), coastal(0.15), heavy rains(0.15), provinces(0.15), lying areas(0.13), nearby(0.13), hours(0.13), low lying(0.12), lying(0.12), low(0.11), rains(0.11), light moderate(0.10), heavy(0.09), moderate(0.09), light(0.09)"
21,"Meanwhile, light to moderate with occasional heavy rains affecting the province, the region, coastal areas, the peninsula, central plains, nearby provinces and northern areas which may persist within 3 hours.",0,"areas persist(0.23), peninsula(0.23), central plains(0.22), moderate occasional(0.22), nearby provinces(0.22), persist hours(0.22), rains affecting(0.22), northern areas(0.21), occasional heavy(0.21), affecting(0.20), central(0.20), province(0.20), occasional(0.19), persist(0.19), plains(0.19), region(0.19), areas(0.18), coastal areas(0.18), northern(0.18), coastal(0.18), heavy rains(0.17), provinces(0.17), nearby(0.15), hours(0.15), rains(0.13), light moderate(0.12), heavy(0.11), moderate(0.11), light(0.10)"
22,"Meanwhile, light to moderate with occasional heavy rains affecting northern areas, central plains, the region, coastal areas and the peninsula which may persist within 3 hours.",0,"plains region(0.25), affecting northern(0.24), areas central(0.24), peninsula(0.23), central plains(0.22), moderate occasional(0.22), persist hours(0.22), rains affecting(0.22), northern areas(0.21), occasional heavy(0.21), affecting(0.21), central(0.20), occasional(0.20), persist(0.20), plains(0.20), region(0.20), areas(0.19), coastal areas(0.18), northern(0.18), coastal(0.18), heavy rains(0.17), hours(0.15), rains(0.13), light moderate(0.12), heavy(0.11), moderate(0.11), light(0.11)"
23,Local Flooding is likewise possible in some areas due to impounding of water and poor/clogged drainage systems.,0,"impounding(0.32), clogged(0.30), clogged drainage(0.30), local flooding(0.30), poor clogged(0.30), possible areas(0.30), water poor(0.30), drainage systems(0.25), poor(0.24), drainage(0.21), systems(0.21), water(0.20), local(0.19), possible(0.17), flooding(0.15), areas(0.12)"
24,Scattered rains are likely on the river basin but will not cause adverse hydrological impact.,0,"scattered(0.42), adverse(0.41), basin(0.41), cause(0.41), likely(0.39), river(0.30), rains(0.26)"
25,Continue monitoring for Thunderstorms Advisories and Rainfall Advisories specific in your area and other products issued by PAGASA.,0,"advisories(0.47), area products(0.26), issued pagasa(0.26), products(0.26), products issued(0.26), rainfall advisories(0.26), specific(0.26), specific area(0.26), pagasa(0.23), issued(0.22), continue monitoring(0.21), area(0.20), monitoring(0.19), thunderstorms(0.19), continue(0.16), rainfall(0.13)"
26,The Southwest Monsoon is no longer expected to cause flooding in the river basins.,0,"cause flooding(0.31), expected cause(0.31), longer(0.31), longer expected(0.31), monsoon longer(0.31), southwest(0.31), southwest monsoon(0.31), monsoon(0.29), cause(0.25), basins(0.23), river basins(0.23), river(0.18), expected(0.17), flooding(0.15)"
27,"Light with brief moderate rains were observed today at the midstream and downstream area of the basin and generally, receding river water level trend is observed.",0,"observed(0.49), brief moderate(0.27), midstream(0.27), midstream downstream(0.27), river water(0.27), brief(0.26), downstream(0.26), rains observed(0.26), basin(0.22), area(0.19), today(0.19), moderate rains(0.19), water(0.17), river(0.16), rains(0.14), moderate(0.11), light(0.11)"
28,"Light to occasionally moderate rains and thunderstorm activities are forecast to occur over the river basins, as anticipated effects of Intertropical Convergence Zone in the next few days.",0,"activities(0.24), anticipated(0.24), convergence(0.24), convergence zone(0.24), intertropical(0.24), intertropical convergence(0.24), light occasionally(0.24), occasionally moderate(0.24), occur river(0.24), zone(0.24), days(0.23), occasionally(0.23), effects(0.19), thunderstorm(0.19), occur(0.19), basins(0.19), river basins(0.19), forecast(0.18), moderate rains(0.17), river(0.15), rains(0.12), moderate(0.10), light(0.10)"
29,"Minimal to minor coastal flooding will likely affect in coastal areas of the city and nearby towns, including possibly the adjacent towns along coastal bays, due to high tide by early morning and afternoon time in the next coming days.",0,"coastal(0.42), towns(0.40), coming(0.20), coming days(0.20), early(0.20), including(0.20), nearby towns(0.20), city(0.19), days(0.19), flooding likely(0.19), minimal(0.19), morning(0.19), possibly(0.19), afternoon(0.18), minor(0.18), adjacent(0.17), likely(0.16), high tide(0.15), affect(0.15), coastal areas(0.14), tide(0.14), high(0.14), nearby(0.12), flooding(0.10), areas(0.07)"
30,The public and the Local Disaster Risk Reduction and Management Councils within the basin are still advised to remain vigilant and always maintain their preparedness and mitigating activities for possible hazards mentioned above that may possibly occur within their area of concern and to continue monitoring for all issued products and services included in rainfall watch system from,0,"activities(0.20), advised remain(0.20), maintain(0.20), possible hazards(0.20), preparedness(0.20), remain vigilant(0.20), watch(0.20), basin advised(0.19), concern(0.19), councils basin(0.19), possibly(0.19), products(0.19), vigilant(0.19), remain(0.18), hazards(0.17), basin(0.16), public local(0.16), issued(0.15), occur(0.15), continue monitoring(0.15), mentioned(0.15), disaster risk(0.14), management councils(0.14), public(0.14), reduction(0.14), reduction management(0.14), risk reduction(0.14), area(0.14), management(0.14), councils(0.14), local disaster(0.14), monitoring(0.14), disaster(0.13), risk(0.13), continue(0.12), local(0.12), advised(0.11), possible(0.11), rainfall(0.09)"
31,"Road/street flooding is possible in several areas due to impounded water, poor/clogged drainage systems, and high tide levels, which could render some roads not passable.",1,"areas impounded(0.24), impounded(0.24), impounded water(0.24), passable(0.24), roads passable(0.24), clogged(0.23), clogged drainage(0.23), poor clogged(0.23), possible areas(0.23), water poor(0.23), road(0.22), flooding possible(0.20), roads(0.20), drainage systems(0.19), levels(0.19), high tide(0.18), poor(0.18), tide(0.17), high(0.17), drainage(0.16), systems(0.16), water(0.15), possible(0.13), flooding(0.12), areas(0.09)"
32,"Localized flooding is possible mainly in areas that are urbanized, low lying, or near rivers.",1,"areas urbanized(0.33), lying near(0.33), urbanized low(0.33), urbanized(0.31), localized flooding(0.30), near rivers(0.28), flooding possible(0.28), localized(0.28), rivers(0.22), near(0.22), low lying(0.18), lying(0.18), possible(0.17), low(0.17), flooding(0.16), areas(0.12)"
33,People living near the mountains slopes and in the low lying areas of the above mentioned river systems and the local disaster risk reduction and management councils concerned are advised to be alert for possible flashfloods.,1,"mountains(0.21), near mountains(0.21), systems local(0.20), advised alert(0.19), concerned(0.18), concerned advised(0.18), councils concerned(0.18), alert possible(0.18), living near(0.18), possible flashfloods(0.18), areas mentioned(0.17), living(0.17), mentioned river(0.17), people living(0.17), river systems(0.17), slopes low(0.16), flashfloods(0.16), mentioned(0.15), slopes(0.15), disaster risk(0.15), management councils(0.15), reduction(0.15), reduction management(0.15), risk reduction(0.15), management(0.15), councils(0.14), local disaster(0.14), near(0.14), systems(0.14), alert(0.14), disaster(0.14), people(0.14), risk(0.13), lying areas(0.13), river(0.12), local(0.12), advised(0.12), low lying(0.12), lying(0.12), possible(0.11), low(0.11), areas(0.08)"
34,"Light to Moderate to at times Heavy rains are being experienced in, ,, and which may persist within 2 to 3 hours and may affect nearby areas.",1,"rains experienced(0.31), hours affect(0.28), moderate times(0.28), times(0.28), times heavy(0.28), experienced(0.27), persist hours(0.27), affect nearby(0.25), persist(0.24), affect(0.22), nearby areas(0.22), heavy rains(0.21), nearby(0.19), hours(0.19), rains(0.16), light moderate(0.14), heavy(0.13), moderate(0.13), light(0.13), areas(0.11)"
35,The public and the Disaster Risk Reduction and Management Offices concerned are advised to MONITOR the weather condition and watch for the next warning to be issued at 11:00 PM today.,1,"monitor weather(0.28), offices(0.28), warning issued(0.28), watch(0.28), concerned(0.24), concerned advised(0.24), monitor(0.23), warning(0.23), issued(0.22), weather(0.22), disaster risk(0.20), public(0.20), reduction(0.20), reduction management(0.20), risk reduction(0.20), management(0.20), today(0.20), disaster(0.18), risk(0.18), advised(0.16)"
36,Residents and the Local Disaster Risk Reduction and Management Councils adjacent to and/or along the above-mentioned areas of concern are advised to maintain vigilance and take appropriate precautionary measures to mitigate the impacts of possible landslides and river floods within the river basins.,1,"river(0.21), advised maintain(0.17), appropriate(0.17), appropriate precautionary(0.17), areas concern(0.17), concern advised(0.17), councils adjacent(0.17), maintain(0.17), maintain vigilance(0.17), mentioned areas(0.17), mitigate impacts(0.17), residents local(0.17), vigilance(0.17), vigilance appropriate(0.17), adjacent mentioned(0.16), concern(0.16), floods river(0.16), possible landslides(0.16), river floods(0.16), landslides river(0.15), adjacent(0.15), impacts possible(0.14), measures mitigate(0.13), mitigate(0.13), basins(0.13), river basins(0.13), mentioned(0.13), residents(0.13), disaster risk(0.13), impacts(0.13), management councils(0.13), measures(0.13), precautionary(0.13), precautionary measures(0.13), reduction(0.13), reduction management(0.13), risk reduction(0.13), management(0.12), councils(0.12), local disaster(0.12), disaster(0.11), floods(0.11), risk(0.11), local(0.10), landslides(0.10), advised(0.10), possible(0.09), areas(0.06)"
37,"People near the river, mountain slopes, and low-lying areas in the river basins are strongly advised to take appropriate actions, as local flooding is possible due to impounded water and poor drainage, and to continue monitoring updates from PAGASA",1,"river(0.26), appropriate(0.22), impounded(0.22), impounded water(0.22), updates pagasa(0.22), local flooding(0.21), water poor(0.21), people near(0.20), flooding possible(0.18), poor drainage(0.18), monitoring updates(0.18), pagasa(0.18), mountain slopes(0.17), slopes low(0.17), basins(0.17), poor(0.17), river basins(0.17), continue monitoring(0.16), slopes(0.16), mountain(0.16), updates(0.16), monitoring(0.15), drainage(0.15), near(0.15), people(0.14), water(0.14), lying areas(0.14), continue(0.13), local(0.13), advised(0.12), low lying(0.12), lying(0.12), possible(0.12), low(0.11), flooding(0.11), areas(0.08)"
38,"The public and LDRRMOs within the basin are advised to take precautionary measures against river flooding, rainwater accumulation, tide-affected areas, and possible landslides or flashfloods in mountainside areas",1,"affected areas(0.25), landslides flashfloods(0.25), mountainside(0.25), mountainside areas(0.25), river flooding(0.25), tide affected(0.25), basin advised(0.24), possible landslides(0.24), rainwater(0.24), accumulation(0.22), basin(0.20), affected(0.20), flashfloods(0.19), areas(0.18), measures(0.18), precautionary(0.18), precautionary measures(0.18), public(0.18), tide(0.18), river(0.15), landslides(0.14), advised(0.14), possible(0.13), flooding(0.12)"
39,"People near mountain slopes and low-lying areas of the mentioned cities are advised to be alert for possible flashfloods and landslides, and to continue monitoring updates from PAGASA",1,"updates pagasa(0.25), advised alert(0.22), flashfloods landslides(0.22), people near(0.22), alert possible(0.21), possible flashfloods(0.21), areas mentioned(0.20), monitoring updates(0.20), pagasa(0.20), near mountain(0.20), mountain slopes(0.19), slopes low(0.19), flashfloods(0.19), continue monitoring(0.18), mentioned(0.18), slopes(0.18), mountain(0.18), updates(0.18), monitoring(0.17), near(0.16), alert(0.16), people(0.16), lying areas(0.15), continue(0.15), landslides(0.14), advised(0.14), low lying(0.14), lying(0.14), possible(0.13), low(0.13), areas(0.09)"
40,People near mountain slopes and low-lying areas of the mentioned river systems are still advised to be alert for possible flashfloods,1,"advised alert(0.24), people near(0.24), systems advised(0.24), alert possible(0.22), possible flashfloods(0.22), areas mentioned(0.22), mentioned river(0.22), near mountain(0.21), river systems(0.21), mountain slopes(0.21), slopes low(0.21), flashfloods(0.20), mentioned(0.20), slopes(0.20), mountain(0.19), near(0.18), systems(0.18), alert(0.18), people(0.18), lying areas(0.17), river(0.16), advised(0.15), low lying(0.15), lying(0.15), possible(0.14), low(0.14), areas(0.10)"
41,The Public and the Local Disaster Risk Reduction and Management Councils within the basin are advised to take precautionary measures to mitigate the adverse impacts of river flooding along low-lying riverside areas; flooding at low-lying areas due to accumulation/ponding of rainwater with the combined effects of poor drainage systems; tide affected areas and possible landslides or flashfloods at mountainside areas.,1,"flooding low(0.30), areas(0.22), low lying(0.17), lying(0.17), low(0.15), affected areas(0.15), combined effects(0.15), landslides flashfloods(0.15), lying riverside(0.15), mountainside(0.15), mountainside areas(0.15), river flooding(0.15), riverside areas(0.15), tide affected(0.15), flooding(0.14), basin advised(0.14), combined(0.14), councils basin(0.14), possible landslides(0.14), rainwater(0.14), adverse impacts(0.13), accumulation(0.13), riverside(0.13), mitigate adverse(0.13), poor drainage(0.13), adverse(0.12), basin(0.12), affected(0.12), drainage systems(0.12), effects(0.12), public local(0.12), measures mitigate(0.12), mitigate(0.12), flashfloods(0.11), poor(0.11), disaster risk(0.11), impacts(0.11), management councils(0.11), measures(0.11), precautionary(0.11), precautionary measures(0.11), public(0.11), reduction(0.11), reduction management(0.11), risk reduction(0.11), management(0.11), tide(0.11), councils(0.10), local disaster(0.10), drainage(0.10), systems(0.10), disaster(0.10), risk(0.10), lying areas(0.09), river(0.09), local(0.09), landslides(0.09), advised(0.08), possible(0.08)"
42,People living near the mountain slopes and in the low lying areas of the above mentioned river systems and the local disaster risk reduction and management councils concerned are advised to be alert for possible flashfloods and landslides.,1,"systems local(0.19), advised alert(0.18), flashfloods landslides(0.18), concerned(0.18), concerned advised(0.18), councils concerned(0.18), alert possible(0.17), living near(0.17), possible flashfloods(0.17), areas mentioned(0.17), living(0.17), mentioned river(0.17), people living(0.17), near mountain(0.16), river systems(0.16), mountain slopes(0.16), slopes low(0.16), flashfloods(0.15), mentioned(0.15), slopes(0.15), disaster risk(0.15), management councils(0.15), mountain(0.15), reduction(0.15), reduction management(0.15), risk reduction(0.15), management(0.15), councils(0.14), local disaster(0.14), near(0.14), systems(0.14), alert(0.13), disaster(0.13), people(0.13), risk(0.13), lying areas(0.13), river(0.12), local(0.12), landslides(0.12), advised(0.12), low lying(0.11), lying(0.11), possible(0.11), low(0.11), areas(0.07)"
43,"The public and the Local Disaster Risk Reduction and Management Councils concerned are advised to remain vigilant, take necessary precautionary measures, and continue monitoring for updates, particularly heavy rainfall warnings and/or rainfall advisories or thunderstorm advisories issued by the",1,"advisories(0.29), advised remain(0.17), advisories thunderstorm(0.17), particularly heavy(0.17), remain vigilant(0.17), vigilant necessary(0.17), warnings rainfall(0.17), advisories issued(0.16), rainfall advisories(0.16), rainfall warnings(0.16), thunderstorm advisories(0.16), updates particularly(0.16), vigilant(0.16), rainfall(0.16), particularly(0.16), remain(0.16), concerned(0.15), concerned advised(0.15), councils concerned(0.15), necessary precautionary(0.14), warnings(0.14), monitoring updates(0.14), necessary(0.14), public local(0.14), thunderstorm(0.14), issued(0.13), continue monitoring(0.13), disaster risk(0.13), management councils(0.13), measures(0.13), precautionary(0.13), precautionary measures(0.13), public(0.13), reduction(0.13), reduction management(0.13), risk reduction(0.13), updates(0.13), management(0.12), councils(0.12), local disaster(0.12), monitoring(0.12), disaster(0.11), risk(0.11), heavy rainfall(0.11), continue(0.10), local(0.10), advised(0.10), heavy(0.07)"
44,Light to moderate to at times heavy rains,1,"moderate times(0.46), times(0.46), times heavy(0.46), heavy rains(0.35), rains(0.26), light moderate(0.24), heavy(0.22), moderate(0.21), light(0.21)"
45,"Heavy rainfall outlook due to Shear line in northern provinces, the valley, eastern areas, and the vicinity today to tomorrow noon.”",1,"provinces valley(0.25), line northern(0.24), northern provinces(0.24), areas vicinity(0.23), eastern areas(0.23), valley eastern(0.23), outlook(0.21), outlook shear(0.21), rainfall outlook(0.21), valley(0.21), today tomorrow(0.21), vicinity(0.21), eastern(0.19), tomorrow noon(0.19), northern(0.18), today(0.18), tomorrow(0.18), line(0.18), noon(0.18), shear(0.18), shear line(0.18), provinces(0.18), heavy rainfall(0.16), rainfall(0.12), heavy(0.11), areas(0.09)"
46,"Heavy rainfall outlook due to Shear line in mountainous areas, upland areas, northern highlands, northern highlands, mountainous zones, highland areas, northern areas, low-lying areas, the metropolitan area, the area, nearby areas, and the province tomorrow noon to Wednesday noon.",1,"areas(0.32), northern(0.31), highlands(0.29), northern highlands(0.29), areas northern(0.25), mountainous(0.25), area(0.21), noon(0.21), area area(0.15), highlands northern(0.15), areas province(0.14), mountainous areas(0.14), upland(0.14), upland areas(0.14), noon wednesday(0.13), areas low(0.13), metropolitan(0.12), metropolitan area(0.12), northern areas(0.12), outlook(0.12), outlook shear(0.12), rainfall outlook(0.12), wednesday noon(0.12), province(0.12), wednesday(0.12), zones(0.11), nearby areas(0.11), tomorrow noon(0.11), tomorrow(0.10), line(0.10), shear(0.10), shear line(0.10), heavy rainfall(0.09), lying areas(0.09), nearby(0.09), low lying(0.08), lying(0.08), low(0.08), rainfall(0.07), heavy(0.06)"
47,"Heavy rainfall outlook due to Shear line in the valley, eastern areas, northern highlands, and northern highlands Wednesday noon to Thursday noon.",1,"highlands(0.40), northern highlands(0.40), northern(0.28), noon(0.28), highlands northern(0.20), noon thursday(0.20), thursday(0.20), thursday noon(0.20), eastern areas(0.18), valley eastern(0.18), areas northern(0.17), outlook(0.17), outlook shear(0.17), rainfall outlook(0.17), valley(0.17), wednesday noon(0.17), wednesday(0.16), eastern(0.15), line(0.14), shear(0.14), shear line(0.14), heavy rainfall(0.12), rainfall(0.09), heavy(0.09), areas(0.07)"
48,"Moderate to Heavy rainfall today to tomorrow noon in island provinces, western islands, western islands, island provinces, southern areas, southern areas, eastern islands, western coastal areas, western areas, the island, eastern plains, small islands, northern valleys, southern valleys, coastal regions, plateau areas, interior areas, western coastal regions, and island provinces.",1,"western(0.43), island(0.33), islands(0.32), island provinces(0.26), southern(0.26), areas(0.21), coastal(0.20), provinces(0.20), western coastal(0.19), western islands(0.19), areas western(0.18), regions(0.18), southern areas(0.18), eastern(0.14), areas island(0.09), eastern plains(0.09), islands northern(0.09), noon island(0.09), plains small(0.09), small islands(0.09), western areas(0.09), areas eastern(0.09), islands island(0.09), provinces western(0.09), rainfall today(0.09), small(0.09), areas southern(0.09), eastern islands(0.08), today tomorrow(0.08), plains(0.07), moderate heavy(0.07), tomorrow noon(0.07), coastal areas(0.07), northern(0.07), today(0.07), tomorrow(0.07), noon(0.07), heavy rainfall(0.06), rainfall(0.04), heavy(0.04), moderate(0.04)"
49,"Moderate to Heavy rainfall tomorrow noon to Wednesday noon in western islands, island provinces, volcanic areas, southern tips, island areas, eastern islands, southern areas, southern areas, western islands, northern coastal areas, the region, eastern coastal areas, southern provinces, eastern provinces, island areas, central islands, island provinces, eastern plains, small islands, the island, and island groups.",1,"island(0.42), islands(0.34), southern(0.29), eastern(0.24), islands island(0.23), provinces(0.22), areas southern(0.22), areas(0.21), provinces eastern(0.16), western islands(0.16), island areas(0.15), southern areas(0.15), island provinces(0.15), western(0.15), coastal areas(0.11), coastal(0.11), noon(0.11), central islands(0.08), eastern coastal(0.08), eastern plains(0.08), eastern provinces(0.08), groups(0.08), island groups(0.08), islands northern(0.08), northern coastal(0.08), plains small(0.08), provinces island(0.08), rainfall tomorrow(0.08), region eastern(0.08), small islands(0.08), southern provinces(0.08), areas central(0.08), areas eastern(0.08), areas western(0.08), small(0.08), southern tips(0.08), tips(0.08), volcanic(0.08), volcanic areas(0.08), areas region(0.07), noon wednesday(0.07), eastern islands(0.07), wednesday noon(0.07), central(0.06), wednesday(0.06), plains(0.06), region(0.06), moderate heavy(0.06), tomorrow noon(0.06), northern(0.06), tomorrow(0.06), heavy rainfall(0.05), rainfall(0.04), heavy(0.03), moderate(0.03)"
50,Forecast rainfall may be higher in mountainous and elevated areas.,1,"elevated areas(0.37), higher mountainous(0.37), mountainous elevated(0.37), rainfall higher(0.37), elevated(0.35), higher(0.35), mountainous(0.31), forecast(0.27), rainfall(0.17), areas(0.14)"
51,Impacts in some areas may be worsened by significant antecedent rainfall.,1,"significant(0.69), impacts(0.56), rainfall(0.36), areas(0.28)"
52,"Light to moderate to at times heavy rains are being experienced in upland areas, the valley, eastern areas, mountainous areas which may persist within 2 to 3 hours and may affect nearby areas.",1,"areas(0.32), areas valley(0.22), rains experienced(0.22), mountainous areas(0.21), upland(0.21), upland areas(0.21), areas persist(0.20), eastern areas(0.20), hours affect(0.20), moderate times(0.20), times(0.20), times heavy(0.20), valley eastern(0.20), experienced(0.19), persist hours(0.19), mountainous(0.19), valley(0.19), affect nearby(0.18), persist(0.17), eastern(0.17), affect(0.16), nearby areas(0.16), heavy rains(0.15), nearby(0.14), hours(0.13), rains(0.11), light moderate(0.10), heavy(0.10), moderate(0.09), light(0.09)"
53,"Watercourses still likely to be affected in nearby areas, the vicinity, the province, nearby provinces, and the area, particularly along rivers and tributaries stated in the bulletin.",1,"nearby(0.35), watercourses(0.29), bulletin(0.27), rivers tributaries(0.27), areas vicinity(0.26), particularly(0.26), nearby provinces(0.25), tributaries(0.25), vicinity(0.24), affected(0.23), province(0.23), likely(0.22), nearby areas(0.21), area(0.21), provinces(0.20), rivers(0.19), areas(0.11)"
54,People living near the mountain slopes and in the low-lying areas of the above-mentioned river systems are still advised to take necessary precautionary measures.,1,"systems advised(0.23), advised necessary(0.22), living near(0.21), necessary precautionary(0.21), areas mentioned(0.21), living(0.21), mentioned river(0.21), people living(0.21), near mountain(0.20), necessary(0.20), river systems(0.20), mountain slopes(0.20), slopes low(0.20), mentioned(0.19), slopes(0.19), measures(0.19), mountain(0.19), precautionary(0.19), precautionary measures(0.19), near(0.17), systems(0.17), people(0.17), lying areas(0.16), river(0.15), advised(0.14), low lying(0.14), lying(0.14), low(0.13), areas(0.09)"
55,"Inaasahan ang pagbaha sa ilang lugar, kabilang ang pagbaha sa mga kalye at pagkaipon ng tubig sa mababang lugar na may kabahayan",1,"sa(0.49), lugar(0.35), pagbaha(0.35), pagbaha sa(0.35), ang(0.33), ilang(0.17), ilang lugar(0.17), mga(0.17), na(0.17), ng tubig(0.17), sa ilang(0.17), sa mga(0.17), tubig(0.17), tubig sa(0.17), ng(0.16)"
56,"Watercourses still likely to be affected in southern areas, southern areas, southern tips, volcanic areas, island areas, and eastern islands, particularly along rivers and tributaries listed in the bulletin.",1,"southern(0.46), southern areas(0.32), areas southern(0.31), areas(0.25), areas island(0.17), listed(0.17), listed bulletin(0.17), tributaries listed(0.17), watercourses(0.17), areas eastern(0.16), bulletin(0.16), island areas(0.16), rivers tributaries(0.16), southern tips(0.16), tips(0.16), volcanic(0.16), volcanic areas(0.16), particularly(0.15), eastern islands(0.15), island(0.15), tributaries(0.15), islands(0.14), affected(0.14), likely(0.13), eastern(0.13), rivers(0.12)"
57,Serious flooding expexted in low-lying areas,2,"lying areas(0.48), low lying(0.44), lying(0.44), low(0.40), flooding(0.38), areas(0.29)"
58,Widespread incidents of severe flooding and landslides expected.,2,"severe flooding(0.53), widespread(0.50), severe(0.46), landslides(0.31), expected(0.29), flooding(0.26)"
59,"Numerous flooding events are likely, especially in areas that are urbanized, low lying, or near rivers.",2,"areas urbanized(0.33), likely especially(0.33), lying near(0.33), urbanized low(0.33), urbanized(0.31), near rivers(0.29), especially(0.28), likely(0.26), rivers(0.22), near(0.22), low lying(0.19), lying(0.19), low(0.17), flooding(0.16), areas(0.12)"
60,Landslide likely in moderate to highly susceptible areas.,2,"highly susceptible(0.43), susceptible(0.43), susceptible areas(0.43), highly(0.39), landslide(0.36), likely(0.33), moderate(0.18), areas(0.16)"
61,Landslide possible in highly susceptible areas.,2,"highly susceptible(0.45), susceptible(0.45), susceptible areas(0.45), highly(0.41), landslide(0.38), possible(0.24), areas(0.17)"
62,Heavy rainfall outlook due to Shear line in eastern islands today to tomorrow noon.,2,"eastern islands(0.29), islands(0.28), outlook(0.28), outlook shear(0.28), rainfall outlook(0.28), today tomorrow(0.27), eastern(0.25), tomorrow noon(0.24), today(0.24), tomorrow(0.24), line(0.23), noon(0.23), shear(0.23), shear line(0.23), heavy rainfall(0.21), rainfall(0.16), heavy(0.14)"
63,"Heavy rainfall outlook due to Shear line in northern provinces, the valley, eastern areas, and the vicinity tomorrow noon to Wednesday noon.",2,"noon(0.33), provinces valley(0.24), line northern(0.22), northern provinces(0.22), areas vicinity(0.21), eastern areas(0.21), noon wednesday(0.21), valley eastern(0.21), outlook(0.20), outlook shear(0.20), rainfall outlook(0.20), valley(0.20), wednesday noon(0.20), vicinity(0.19), wednesday(0.19), eastern(0.18), tomorrow noon(0.17), northern(0.17), tomorrow(0.17), line(0.17), shear(0.17), shear line(0.17), provinces(0.16), heavy rainfall(0.15), rainfall(0.11), heavy(0.10), areas(0.09)"
64,Heavy rainfall outlook due to Shear line in northern provinces Wednesday noon to Thursday noon.,2,"noon(0.38), noon thursday(0.27), thursday(0.27), thursday noon(0.27), line northern(0.26), northern provinces(0.26), outlook(0.23), outlook shear(0.23), rainfall outlook(0.23), wednesday noon(0.23), wednesday(0.22), northern(0.19), line(0.19), shear(0.19), shear line(0.19), provinces(0.19), heavy rainfall(0.17), rainfall(0.13), heavy(0.12)"
65,"Heavy to Intense rainfall today to tomorrow noon in eastern coastal areas, northern coastal areas, the region, eastern provinces, island areas, southern provinces, central areas, the province, central islands, island provinces, western plains, northern tips, eastern coasts, island groups, island areas, volcanic areas, and southern tips.",2,"island(0.40), eastern(0.26), areas(0.25), provinces(0.23), island areas(0.21), tips(0.21), areas southern(0.21), southern(0.21), central(0.18), coastal areas(0.16), northern(0.16), coastal(0.16), central areas(0.11), central islands(0.11), eastern coastal(0.11), eastern provinces(0.11), groups(0.11), intense rainfall(0.11), island groups(0.11), northern coastal(0.11), provinces island(0.11), region eastern(0.11), southern provinces(0.11), western plains(0.11), areas province(0.11), islands island(0.11), provinces western(0.11), rainfall today(0.11), southern tips(0.11), volcanic(0.11), volcanic areas(0.11), areas region(0.10), heavy intense(0.10), island provinces(0.10), western(0.10), areas northern(0.10), intense(0.10), islands(0.10), today tomorrow(0.09), province(0.09), plains(0.09), region(0.09), tomorrow noon(0.08), today(0.08), tomorrow(0.08), noon(0.08), rainfall(0.05), heavy(0.05)"
66,"Heavy to Intense rainfall tomorrow noon to Wednesday noon in island provinces, eastern islands, nearby provinces, western plains, central areas, western areas, western coastal areas, and the province.",2,"western(0.44), areas western(0.30), noon(0.23), provinces(0.22), areas(0.18), central areas(0.16), intense rainfall(0.16), noon island(0.16), provinces eastern(0.16), rainfall tomorrow(0.16), western areas(0.16), western coastal(0.16), western plains(0.16), areas province(0.15), provinces western(0.15), heavy intense(0.15), island provinces(0.15), noon wednesday(0.15), eastern islands(0.14), intense(0.14), island(0.14), nearby provinces(0.14), islands(0.14), wednesday noon(0.14), central(0.13), province(0.13), wednesday(0.13), plains(0.12), eastern(0.12), tomorrow noon(0.12), coastal areas(0.11), tomorrow(0.11), coastal(0.11), nearby(0.10), rainfall(0.08), heavy(0.07)"
67,The public disaster risk reduction and management offices concerned are advised to take all necessary measure to protect life and property.,2,"offices(0.35), advised necessary(0.30), concerned(0.30), concerned advised(0.30), necessary(0.28), disaster risk(0.25), public(0.25), reduction(0.25), reduction management(0.25), risk reduction(0.25), management(0.25), disaster(0.23), risk(0.22), advised(0.20)"
68,"The public and LDRRMOs in the major river basins are advised to take all necessary precautionary measures against hazards from TY UWAN and high tide effects, and to continue monitoring PAGASA updates",2,"basins advised(0.24), effects continue(0.24), major river(0.24), advised necessary(0.22), tide effects(0.22), hazards(0.21), necessary precautionary(0.21), pagasa(0.21), effects(0.20), major(0.20), necessary(0.20), basins(0.19), high tide(0.19), river basins(0.19), continue monitoring(0.19), measures(0.18), precautionary(0.18), precautionary measures(0.18), public(0.18), updates(0.18), tide(0.18), high(0.17), monitoring(0.17), river(0.15), continue(0.15), advised(0.14)"
69,"Patuloy ang nararanasang pagbaha sa ilang lugar, kasabay ang pagtaas ng lebel ng malalaking ilog.",2,"ang(0.42), ng(0.42), ilang(0.22), ilang lugar(0.22), ilog(0.22), lebel(0.22), lebel ng(0.22), lugar(0.22), malalaking(0.22), malalaking ilog(0.22), pagbaha(0.22), pagbaha sa(0.22), patuloy(0.22), sa ilang(0.22), sa(0.21)"
70,"Heavy Rainfall: According to PAGASA Weather Advisory No. 17, the following areas are forecast to receive significant rainfall from today until Wednesday due to Tropical Cyclone Verbena and the Shear Line",2,"advisory(0.32), significant rainfall(0.32), rainfall today(0.30), rainfall(0.30), significant(0.29), pagasa(0.26), wednesday(0.26), weather(0.25), forecast(0.23), today(0.23), line(0.22), shear(0.22), shear line(0.22), heavy rainfall(0.20), heavy(0.14), areas(0.12)"
71,"Heavy to intense rainshowers with lightning and strong winds are being experienced in the metropolitan area, low-lying areas, the region, central plains, the province, the vicinity, coastal areas and northern areas which may persist within 2 hours and may affect nearby areas.",2,"areas(0.30), area low(0.20), strong winds(0.20), winds(0.19), areas persist(0.18), areas region(0.18), heavy intense(0.18), hours affect(0.18), areas northern(0.18), central plains(0.18), experienced(0.18), intense(0.18), persist hours(0.18), metropolitan(0.17), metropolitan area(0.17), northern areas(0.17), affect nearby(0.16), vicinity(0.16), central(0.16), province(0.16), strong(0.16), persist(0.16), plains(0.16), region(0.16), affect(0.15), nearby areas(0.15), area(0.14), coastal areas(0.14), northern(0.14), coastal(0.14), lying areas(0.13), nearby(0.12), hours(0.12), low lying(0.11), lying(0.11), low(0.10), heavy(0.09)"
72,"The public and the Local Disaster Risk Reduction and Management Councils within basin are advised to start undertaking precautionary measures to mitigate the adverse impacts of possible flash floods, rain-induced landslides at mountainside areas, pluvial and river floods within their area of concern; to continue monitoring for updates particularly Rainfall Wamings to be issued by PAGASA Regional Services Division.",2,"floods(0.21), advised start(0.16), mountainside(0.16), mountainside areas(0.16), start(0.16), start undertaking(0.16), basin advised(0.15), concern(0.15), councils basin(0.15), floods rain(0.15), induced landslides(0.15), issued pagasa(0.15), possible flash(0.15), undertaking(0.15), undertaking precautionary(0.15), updates particularly(0.15), adverse impacts(0.14), particularly(0.14), river floods(0.14), induced(0.14), rain induced(0.14), mitigate adverse(0.13), adverse(0.13), basin(0.13), monitoring updates(0.13), pagasa(0.13), impacts possible(0.13), public local(0.13), issued(0.12), measures mitigate(0.12), mitigate(0.12), continue monitoring(0.12), disaster risk(0.12), impacts(0.12), management councils(0.12), measures(0.12), precautionary(0.12), precautionary measures(0.12), public(0.12), reduction(0.12), reduction management(0.12), risk reduction(0.12), updates(0.12), area(0.11), flash floods(0.11), management(0.11), flash(0.11), councils(0.11), local disaster(0.11), monitoring(0.11), disaster(0.10), risk(0.10), river(0.10), continue(0.09), local(0.09), landslides(0.09), advised(0.09), possible(0.09), rainfall(0.08), rain(0.07), areas(0.06)"
73,"The public and the Local Disaster Risk Reduction and Management Councils concerned are advised to be vigilant, and take all necessary precautionary measures to mitigate the adverse sudden impacts of possible hazards associated with STS Tino within river basins, and to continue monitoring for updates, particularly heavy rainfall warnings and/or rainfall advisories, and thunderstorm advisories issued by",2,"advisories(0.26), advisories thunderstorm(0.15), basins continue(0.15), hazards associated(0.15), particularly heavy(0.15), possible hazards(0.15), vigilant necessary(0.15), warnings rainfall(0.15), advisories issued(0.15), rainfall advisories(0.15), rainfall warnings(0.15), thunderstorm advisories(0.15), updates particularly(0.15), vigilant(0.15), rainfall(0.15), associated(0.14), particularly(0.14), concerned(0.13), concerned advised(0.13), councils concerned(0.13), hazards(0.13), mitigate adverse(0.13), necessary precautionary(0.13), warnings(0.13), adverse(0.13), monitoring updates(0.13), sudden(0.13), impacts possible(0.12), necessary(0.12), public local(0.12), thunderstorm(0.12), issued(0.12), measures mitigate(0.12), mitigate(0.12), basins(0.12), river basins(0.12), continue monitoring(0.11), disaster risk(0.11), impacts(0.11), management councils(0.11), measures(0.11), precautionary(0.11), precautionary measures(0.11), public(0.11), reduction(0.11), reduction management(0.11), risk reduction(0.11), updates(0.11), management(0.11), councils(0.11), local disaster(0.11), monitoring(0.11), disaster(0.10), risk(0.10), heavy rainfall(0.10), river(0.09), continue(0.09), local(0.09), advised(0.09), possible(0.08), heavy(0.07)"
74,"For awareness, preparedness and mitigation purposes, the public and the Local Disaster Risk Reduction and Management Councils of the said provinces within the major river basins are advised to take ALL the necessary precautionary measures to mitigate the adverse immediate impacts of the possible hazards associated with TS RAMIL and the High Tide effects; to continue monitoring for rainfall and thunderstorms warnings specific to your area and other products issued by PAGASA.",2,"adverse immediate(0.13), awareness(0.13), awareness preparedness(0.13), councils said(0.13), hazards associated(0.13), immediate impacts(0.13), mitigation(0.13), mitigation purposes(0.13), monitoring rainfall(0.13), possible hazards(0.13), preparedness(0.13), preparedness mitigation(0.13), provinces major(0.13), purposes(0.13), purposes public(0.13), rainfall thunderstorms(0.13), said(0.13), said provinces(0.13), thunderstorms warnings(0.13), warnings specific(0.13), area products(0.13), basins advised(0.13), effects continue(0.13), issued pagasa(0.13), major river(0.13), products(0.13), products issued(0.13), specific(0.13), specific area(0.13), associated(0.12), immediate(0.12), advised necessary(0.12), tide effects(0.12), hazards(0.11), mitigate adverse(0.11), necessary precautionary(0.11), warnings(0.11), adverse(0.11), pagasa(0.11), effects(0.11), impacts possible(0.11), major(0.11), necessary(0.11), public local(0.11), issued(0.10), measures mitigate(0.10), mitigate(0.10), basins(0.10), high tide(0.10), river basins(0.10), continue monitoring(0.10), disaster risk(0.10), impacts(0.10), management councils(0.10), measures(0.10), precautionary(0.10), precautionary measures(0.10), public(0.10), reduction(0.10), reduction management(0.10), risk reduction(0.10), area(0.10), management(0.10), tide(0.10), councils(0.09), high(0.09), local disaster(0.09), monitoring(0.09), provinces(0.09), thunderstorms(0.09), disaster(0.09), risk(0.09), river(0.08), continue(0.08), local(0.08), advised(0.08), possible(0.07), rainfall(0.06)"
75,"For the past weeks, coastal areas of the delta areas remain affected by high tides, causing coastal flooding in several areas of the delta areas as well as the swampy areas area after the passage of STS Paolo.",2,"areas(0.54), coastal(0.41), areas area(0.29), past(0.29), tides(0.29), remain(0.27), affected(0.23), area(0.21), coastal areas(0.21), high(0.20), flooding(0.14)"
76,People living near the mountain slopes and in the low-lying areas and the Local Disaster Risk Reduction and Management Councils concerned are advised to be alert for possible flash floods and landslides.,2,"possible flash(0.21), advised alert(0.20), concerned(0.19), concerned advised(0.19), councils concerned(0.19), floods landslides(0.19), alert possible(0.18), living near(0.18), living(0.18), people living(0.18), near mountain(0.17), mountain slopes(0.17), slopes low(0.17), slopes(0.16), disaster risk(0.16), management councils(0.16), mountain(0.16), reduction(0.16), reduction management(0.16), risk reduction(0.16), flash floods(0.16), management(0.16), flash(0.15), councils(0.15), local disaster(0.15), near(0.15), alert(0.14), disaster(0.14), floods(0.14), people(0.14), risk(0.14), lying areas(0.14), local(0.13), landslides(0.13), advised(0.12), low lying(0.12), lying(0.12), possible(0.12), low(0.11), areas(0.08)"
77,"For awareness, preparedness and mitigation purposes, the public and the Local Disaster Risk Reduction and Management Councils of the said provinces within the major river basins are advised to take ALL the necessary precautionary measures to mitigate the adverse immediate impacts of the possible hazards associated with TD PAOLO and the High Tide effects; to continue monitoring for rainfall and thunderstorms warnings specific to your area and other products issued by PAGASA.",2,"adverse immediate(0.13), awareness(0.13), awareness preparedness(0.13), councils said(0.13), hazards associated(0.13), immediate impacts(0.13), mitigation(0.13), mitigation purposes(0.13), monitoring rainfall(0.13), possible hazards(0.13), preparedness(0.13), preparedness mitigation(0.13), provinces major(0.13), purposes(0.13), purposes public(0.13), rainfall thunderstorms(0.13), said(0.13), said provinces(0.13), thunderstorms warnings(0.13), warnings specific(0.13), area products(0.13), basins advised(0.13), effects continue(0.13), issued pagasa(0.13), major river(0.13), products(0.13), products issued(0.13), specific(0.13), specific area(0.13), associated(0.12), immediate(0.12), advised necessary(0.12), tide effects(0.12), hazards(0.11), mitigate adverse(0.11), necessary precautionary(0.11), warnings(0.11), adverse(0.11), pagasa(0.11), effects(0.11), impacts possible(0.11), major(0.11), necessary(0.11), public local(0.11), issued(0.10), measures mitigate(0.10), mitigate(0.10), basins(0.10), high tide(0.10), river basins(0.10), continue monitoring(0.10), disaster risk(0.10), impacts(0.10), management councils(0.10), measures(0.10), precautionary(0.10), precautionary measures(0.10), public(0.10), reduction(0.10), reduction management(0.10), risk reduction(0.10), area(0.10), management(0.10), tide(0.10), councils(0.09), high(0.09), local disaster(0.09), monitoring(0.09), provinces(0.09), thunderstorms(0.09), disaster(0.09), risk(0.09), river(0.08), continue(0.08), local(0.08), advised(0.08), possible(0.07), rainfall(0.06)"
78,"The public and the Local Disaster Risk Reduction and Management Councils within basin are advised to start undertaking precautionary measures to mitigate the adverse impacts of possible flash floods, rain-induced landslides at mountainside areas, pluvial and river floods within their area of concern; to continue monitoring.",2,"floods(0.23), advised start(0.17), mountainside(0.17), mountainside areas(0.17), start(0.17), start undertaking(0.17), basin advised(0.16), concern(0.16), councils basin(0.16), floods rain(0.16), induced landslides(0.16), possible flash(0.16), undertaking(0.16), undertaking precautionary(0.16), adverse impacts(0.16), river floods(0.16), induced(0.15), rain induced(0.15), mitigate adverse(0.14), adverse(0.14), basin(0.14), impacts possible(0.14), public local(0.14), measures mitigate(0.13), mitigate(0.13), continue monitoring(0.13), disaster risk(0.12), impacts(0.12), management councils(0.12), measures(0.12), precautionary(0.12), precautionary measures(0.12), public(0.12), reduction(0.12), reduction management(0.12), risk reduction(0.12), area(0.12), flash floods(0.12), management(0.12), flash(0.12), councils(0.12), local disaster(0.12), monitoring(0.12), disaster(0.11), risk(0.11), river(0.10), continue(0.10), local(0.10), landslides(0.10), advised(0.10), possible(0.09), rain(0.08), areas(0.06)"
79,"The public and the Local Disaster Risk Reduction and Management Councils within basin are advised to start undertaking precautionary measures to mitigate the adverse impacts of possible flash floods, rain-induced",2,"advised start(0.20), start(0.20), start undertaking(0.20), basin advised(0.19), councils basin(0.19), floods rain(0.19), possible flash(0.19), undertaking(0.19), undertaking precautionary(0.19), adverse impacts(0.18), induced(0.17), rain induced(0.17), mitigate adverse(0.17), adverse(0.16), basin(0.16), impacts possible(0.16), public local(0.16), measures mitigate(0.15), mitigate(0.15), disaster risk(0.14), impacts(0.14), management councils(0.14), measures(0.14), precautionary(0.14), precautionary measures(0.14), public(0.14), reduction(0.14), reduction management(0.14), risk reduction(0.14), flash floods(0.14), management(0.14), flash(0.14), councils(0.14), local disaster(0.14), disaster(0.13), floods(0.13), risk(0.13), local(0.12), advised(0.11), possible(0.11), rain(0.09)"
80,"As per the latest weather forecast today, the Southwest Monsoon will still bring light to moderate to at times heavy rainshowers over eastern regions and southern regions. Rising water level along the river and Tributary Rivers and Flooding in roads and low-lying areas are likely during the forecast period.",2,"regions(0.41), forecast(0.32), bring(0.22), southwest(0.22), southwest monsoon(0.22), monsoon(0.21), rising water(0.21), moderate times(0.20), southern(0.20), times(0.20), times heavy(0.20), rising(0.19), roads(0.18), likely(0.17), weather(0.17), eastern(0.17), today(0.16), rivers(0.15), water(0.14), lying areas(0.14), river(0.13), low lying(0.12), lying(0.12), low(0.11), flooding(0.11), light moderate(0.10), heavy(0.09), moderate(0.09), light(0.09), areas(0.08)"
81,"People living near the mountain slopes, in the low lying areas and adjacent to or along the above mentioned river systems and the Local Disaster Risk Reduction and Management Councils concerned are advised to be vigilant, take necessary precautionary measures to mitigate the adverse sudden impacts of possible rain induced landslides and river floods within river basins, and to continue monitoring for updates particularly heavy rainfall warnings and/or rainfall advisories/thunderstorm advisories issued by",2,"river(0.24), advisories(0.22), advisories thunderstorm(0.13), basins continue(0.13), particularly heavy(0.13), vigilant necessary(0.13), warnings rainfall(0.13), adjacent mentioned(0.12), advisories issued(0.12), floods river(0.12), induced landslides(0.12), rainfall advisories(0.12), rainfall warnings(0.12), systems local(0.12), thunderstorm advisories(0.12), updates particularly(0.12), vigilant(0.12), rainfall(0.12), particularly(0.12), river floods(0.12), concerned(0.11), concerned advised(0.11), councils concerned(0.11), induced(0.11), landslides river(0.11), rain induced(0.11), adjacent(0.11), living near(0.11), mitigate adverse(0.11), necessary precautionary(0.11), warnings(0.11), adverse(0.11), living(0.11), mentioned river(0.11), monitoring updates(0.11), people living(0.11), sudden(0.11), impacts possible(0.10), near mountain(0.10), necessary(0.10), river systems(0.10), thunderstorm(0.10), issued(0.10), measures mitigate(0.10), mitigate(0.10), mountain slopes(0.10), slopes low(0.10), basins(0.10), river basins(0.10), continue monitoring(0.10), mentioned(0.10), slopes(0.10), disaster risk(0.10), impacts(0.10), management councils(0.10), measures(0.10), mountain(0.10), precautionary(0.10), precautionary measures(0.10), reduction(0.10), reduction management(0.10), risk reduction(0.10), updates(0.10), management(0.09), councils(0.09), local disaster(0.09), monitoring(0.09), near(0.09), systems(0.09), disaster(0.09), floods(0.09), people(0.09), risk(0.08), heavy rainfall(0.08), lying areas(0.08), continue(0.08), local(0.08), landslides(0.08), advised(0.07), low lying(0.07), lying(0.07), possible(0.07), low(0.07), rain(0.06), heavy(0.06), areas(0.05)"
82,"Possible Impacts in the affected areas: Infrastructure: Roads may not be passable, Education: Classes may be interrupted, Agriculture: Rice and root crops may be submerged",2,"affected areas(0.44), passable(0.44), roads passable(0.44), roads(0.36), affected(0.35), impacts(0.32), possible(0.23), areas(0.16)"
83,"Urban or localized flooding due to the accumulation or impounding of rainwater in low-lying areas, densely populated locations with poor drainage, as well as riverside and coastal areas affected by tides, is possible in the downstream portions of nearby towns and the city.",2,"impounding(0.24), locations(0.24), nearby towns(0.24), tides(0.24), towns(0.24), city(0.23), downstream(0.23), rainwater(0.23), localized flooding(0.22), accumulation(0.21), riverside(0.21), localized(0.20), poor drainage(0.20), urban(0.20), affected(0.19), poor(0.18), areas(0.18), coastal areas(0.17), coastal(0.17), drainage(0.16), lying areas(0.15), nearby(0.15), low lying(0.13), lying(0.13), possible(0.13), low(0.12), flooding(0.12)"
84,"The public and Local Disaster Risk Reduction and Management Councils concerned are advised to begin undertaking precautionary measures to mitigate the sudden adverse impacts of possible urban flooding, flash floods or riverine floods, and rain-induced landslides within the river basins and adjacent catchment areas.",2,"floods(0.24), urban flooding(0.19), floods rain(0.18), induced landslides(0.18), undertaking(0.18), undertaking precautionary(0.18), adverse impacts(0.17), concerned(0.16), concerned advised(0.16), councils concerned(0.16), induced(0.16), landslides river(0.16), rain induced(0.16), adjacent(0.16), urban(0.16), adverse(0.15), sudden(0.15), impacts possible(0.15), public local(0.15), measures mitigate(0.14), mitigate(0.14), basins(0.14), river basins(0.14), disaster risk(0.14), impacts(0.14), management councils(0.14), measures(0.14), precautionary(0.14), precautionary measures(0.14), public(0.14), reduction(0.14), reduction management(0.14), risk reduction(0.14), flash floods(0.13), management(0.13), flash(0.13), councils(0.13), local disaster(0.13), disaster(0.12), risk(0.12), river(0.11), local(0.11), landslides(0.11), advised(0.11), possible(0.10), flooding(0.09), rain(0.09), areas(0.07)"
85,"Residents and the Local Disaster Risk Reduction and Management Councils adjacent to and/or along the above-mentioned areas of concern are still advised to maintain their vigilance and take appropriate precautionary measures to mitigate impacts of possible flashfloods, landslides and river floods within river basins, and to continue monitor the updates particularly thunderstorm/ rainfall advisory issued by",2,"river(0.18), advised maintain(0.15), advisory(0.15), appropriate(0.15), appropriate precautionary(0.15), areas concern(0.15), basins continue(0.15), concern advised(0.15), councils adjacent(0.15), maintain(0.15), maintain vigilance(0.15), mentioned areas(0.15), mitigate impacts(0.15), residents local(0.15), thunderstorm rainfall(0.15), vigilance(0.15), vigilance appropriate(0.15), adjacent mentioned(0.15), concern(0.15), floods river(0.15), updates particularly(0.15), flashfloods landslides(0.14), particularly(0.14), river floods(0.14), landslides river(0.13), adjacent(0.13), monitor(0.13), possible flashfloods(0.13), impacts possible(0.12), thunderstorm(0.12), issued(0.12), measures mitigate(0.12), mitigate(0.12), basins(0.12), flashfloods(0.12), river basins(0.12), mentioned(0.11), residents(0.11), disaster risk(0.11), impacts(0.11), management councils(0.11), measures(0.11), precautionary(0.11), precautionary measures(0.11), reduction(0.11), reduction management(0.11), risk reduction(0.11), updates(0.11), management(0.11), councils(0.11), local disaster(0.11), disaster(0.10), floods(0.10), risk(0.10), continue(0.09), local(0.09), landslides(0.09), advised(0.09), possible(0.08), rainfall(0.07), areas(0.06)"
86,"Moderate to heavy rainfall was observed in the upstream, midstream, and downstream areas of the basin. Moreover, isolated light to moderate with at times heavy rains brought by the Intertropical Convergence Zone may continue to occur over river basins within the forecast period.",2,"brought(0.21), convergence(0.21), convergence zone(0.21), intertropical(0.21), intertropical convergence(0.21), isolated light(0.21), midstream(0.21), midstream downstream(0.21), occur river(0.21), zone(0.21), downstream(0.20), moderate times(0.19), observed(0.19), times(0.19), times heavy(0.19), heavy(0.18), moderate(0.18), isolated(0.18), basin(0.17), occur(0.16), basins(0.16), moderate heavy(0.16), river basins(0.16), forecast(0.15), heavy rains(0.15), heavy rainfall(0.13), river(0.13), continue(0.13), rains(0.11), rainfall(0.10), light moderate(0.10), light(0.09), areas(0.08)"
87,Rainfall is predicted to be light to moderate.,0,"predicted(0.75), rainfall(0.35), light moderate(0.35), moderate(0.32), light(0.31)"
88,Flooding might happen in some areas; stay alert.,0,"flooding happen(0.51), happen(0.49), stay alert(0.39), stay(0.37), alert(0.34), flooding(0.25), areas(0.19)"
89,Light to moderate rain is expected in several areas; people should be cautious.,0,"areas people(0.46), expected areas(0.46), rain expected(0.36), people(0.31), moderate rain(0.29), expected(0.26), light moderate(0.22), rain(0.21), moderate(0.20), light(0.19), areas(0.17)"
90,Light to moderate rain is happening now and may reach nearby places.,0,"nearby places(0.42), rain happening(0.42), happening(0.38), reach(0.38), places(0.29), moderate rain(0.26), nearby(0.26), light moderate(0.20), rain(0.19), moderate(0.18), light(0.17)"
91,More areas will get light to moderate rain within the next 2–3 hours.,0,"moderate rain(0.48), hours(0.47), light moderate(0.36), rain(0.36), moderate(0.33), light(0.32), areas(0.29)"
92,Expect light to moderate rain and possible thunderstorms within the next 12 hours.,0,"rain possible(0.40), expect light(0.36), 12(0.35), 12 hours(0.35), expect(0.35), thunderstorms(0.27), moderate rain(0.24), hours(0.24), possible(0.21), light moderate(0.19), rain(0.18), moderate(0.17), light(0.16)"
93,Light to sometimes moderate rain with thunderstorms is expected in the next 12 hours.,0,"rain thunderstorms(0.46), 12(0.40), 12 hours(0.40), thunderstorms(0.31), moderate rain(0.28), hours(0.27), expected(0.25), light moderate(0.21), rain(0.21), moderate(0.19), light(0.19)"
94,Light to moderate rain will fall in several northern and central areas within the next 2–3 hours.,0,"central areas(0.51), central(0.41), northern(0.37), moderate rain(0.32), hours(0.31), light moderate(0.24), rain(0.23), moderate(0.22), light(0.21), areas(0.19)"
95,Minor flooding may occur because of slow drainage; stay updated.,0,"minor flooding(0.37), stay updated(0.37), updated(0.37), flooding occur(0.35), slow(0.35), minor(0.33), occur(0.29), stay(0.26), drainage(0.25), flooding(0.18)"
96,River water levels continue to go down.,0,"levels continue(0.47), river water(0.47), water levels(0.42), levels(0.37), water(0.30), river(0.28), continue(0.28)"
97,"Light to moderate rain fell earlier, but heavier rain is expected later today.",0,"rain(0.42), earlier(0.41), later(0.40), rain expected(0.36), today(0.33), moderate rain(0.28), expected(0.25), light moderate(0.21), moderate(0.19), light(0.19)"
98,Light to moderate rain is expected in several provinces and may affect many communities.,0,"rain expected(0.41), communities(0.39), affect(0.38), provinces(0.36), moderate rain(0.32), expected(0.29), light moderate(0.25), rain(0.24), moderate(0.22), light(0.22)"
99,Light to moderate rain is happening now and may spread to nearby areas.,0,"happening spread(0.41), rain happening(0.41), spread(0.39), happening(0.37), nearby areas(0.30), moderate rain(0.25), nearby(0.25), light moderate(0.19), rain(0.19), moderate(0.17), light(0.17), areas(0.15)"
100,Light to moderate rain with some heavy bursts is expected to continue.,0,"bursts(0.44), heavy bursts(0.44), rain heavy(0.42), moderate rain(0.29), continue(0.28), expected(0.26), light moderate(0.22), rain(0.21), heavy(0.20), moderate(0.20), light(0.19)"
101,Light to moderate rain with occasional heavy showers is ongoing and may reach other places.,0,"ongoing(0.40), heavy showers(0.37), reach(0.36), occasional heavy(0.33), occasional(0.31), showers(0.29), places(0.28), moderate rain(0.24), light moderate(0.19), rain(0.18), heavy(0.17), moderate(0.17), light(0.16)"
102,Light to moderate rain with short heavy rainfall is expected to persist.,0,"short(0.46), rainfall expected(0.42), persist(0.36), heavy rainfall(0.29), moderate rain(0.28), expected(0.25), rainfall(0.22), light moderate(0.22), rain(0.21), heavy(0.20), moderate(0.19), light(0.19)"
103,Light to moderate rain with some heavy rainfall is happening and may spread further.,0,"happening spread(0.43), spread(0.40), happening(0.39), rain heavy(0.39), heavy rainfall(0.27), moderate rain(0.26), rainfall(0.20), light moderate(0.20), rain(0.20), heavy(0.18), moderate(0.18), light(0.18)"
104,"Light to moderate rain was recorded earlier, and weather warnings for those areas have been lifted.",0,"earlier(0.49), warnings(0.46), weather(0.42), moderate rain(0.33), light moderate(0.25), rain(0.25), moderate(0.23), light(0.22), areas(0.20)"
105,Light to moderate rain is still expected within the next few hours.,0,"rain expected(0.50), moderate rain(0.39), hours(0.39), expected(0.35), light moderate(0.30), rain(0.29), moderate(0.27), light(0.27)"
106,Light to moderate rain with heavy bursts is ongoing and may continue for several hours.,0,"ongoing(0.39), bursts(0.37), heavy bursts(0.37), continue hours(0.36), rain heavy(0.36), moderate rain(0.24), hours(0.24), continue(0.23), light moderate(0.18), rain(0.18), heavy(0.17), moderate(0.17), light(0.16)"
107,Areas are experiencing light to moderate rain with some heavy showers.,0,"areas experiencing(0.42), experiencing(0.40), heavy showers(0.40), rain heavy(0.38), showers(0.31), moderate rain(0.26), light moderate(0.20), rain(0.19), heavy(0.18), moderate(0.18), light(0.18), areas(0.16)"
108,Light to moderate rain with heavy moments is ongoing and may persist.,0,"ongoing(0.52), rain heavy(0.47), persist(0.40), moderate rain(0.32), light moderate(0.24), rain(0.24), heavy(0.22), moderate(0.22), light(0.21)"
109,Light to moderate rain with occasional heavy rainfall continues in several areas.,0,"occasional heavy(0.46), occasional(0.42), heavy rainfall(0.34), moderate rain(0.33), rainfall(0.26), light moderate(0.25), rain(0.25), heavy(0.23), moderate(0.23), light(0.23), areas(0.20)"
110,Minor flooding may still happen where water is not draining well.,0,"flooding happen(0.48), minor flooding(0.48), happen(0.45), minor(0.43), water(0.30), flooding(0.23)"
111,Scattered rain is possible but should not cause major flooding.,0,"rain possible(0.42), major flooding(0.40), scattered rain(0.40), scattered(0.36), cause(0.35), major(0.34), possible(0.23), flooding(0.21), rain(0.19)"
112,Keep checking for thunderstorm and rainfall updates.,0,"thunderstorm rainfall(0.65), thunderstorm(0.52), updates(0.47), rainfall(0.31)"
113,More scattered rains may occur but no major flooding is expected.,0,"major flooding(0.45), flooding expected(0.43), scattered(0.40), major(0.38), occur(0.37), expected(0.26), rains(0.24), flooding(0.23)"
114,The Southwest Monsoon is no longer expected to cause flooding in the area.,0,"cause flooding(0.32), expected cause(0.32), longer(0.32), longer expected(0.32), monsoon longer(0.32), southwest(0.32), southwest monsoon(0.32), monsoon(0.31), cause(0.26), area(0.23), expected(0.18), flooding(0.16)"
115,Light to short moderate rains happened today and river levels continue to drop.,0,"levels continue(0.41), river levels(0.41), short(0.41), levels(0.33), today(0.29), moderate rains(0.28), river(0.25), continue(0.24), rains(0.21), moderate(0.17), light(0.17)"
116,Expect light to sometimes moderate rain and thunderstorms in the coming days.,0,"coming(0.38), coming days(0.38), rain thunderstorms(0.38), days(0.36), expect light(0.34), expect(0.33), thunderstorms(0.26), moderate rain(0.23), light moderate(0.18), rain(0.17), moderate(0.16), light(0.16)"
117,"Small coastal flooding may happen during high tide, especially early morning and afternoon.",0,"early(0.34), flooding happen(0.34), happen(0.32), morning(0.32), small(0.32), afternoon(0.31), especially(0.29), high tide(0.26), tide(0.24), coastal(0.24), high(0.24), flooding(0.17)"
118,People and local officials should stay alert and continue monitoring weather updates.,0,"local officials(0.36), weather updates(0.36), officials(0.34), weather(0.28), stay alert(0.27), continue monitoring(0.27), updates(0.26), stay(0.26), monitoring(0.25), alert(0.24), people(0.24), continue(0.21), local(0.21)"
119,There will be isolated light rains and cloudy to cloudy skies.,0,"cloudy(0.67), cloudy skies(0.33), isolated light(0.33), skies(0.33), light rains(0.30), isolated(0.28), rains(0.17), light(0.14)"
120,Light rains forecast with minor flooding possible; maintain vigilance over affected barangays.,0,"maintain(0.31), maintain vigilance(0.31), minor flooding(0.31), rains forecast(0.31), vigilance(0.31), light rains(0.28), minor(0.28), barangays(0.26), flooding possible(0.26), affected(0.25), forecast(0.23), possible(0.17), rains(0.16), flooding(0.15), light(0.13)"
121,Moderate rain showers likely; no immediate risk but stay alert to weather updates.,0,"weather updates(0.36), immediate(0.33), rain showers(0.32), likely(0.28), weather(0.28), stay alert(0.28), showers(0.27), updates(0.27), stay(0.26), alert(0.24), risk(0.23), moderate rain(0.22), rain(0.17), moderate(0.15)"
122,Light to moderate rainfall expected this afternoon; no significant flooding anticipated.,0,"anticipated(0.42), afternoon(0.38), moderate rainfall(0.38), rainfall expected(0.38), significant(0.38), expected(0.23), flooding(0.21), rainfall(0.20), light moderate(0.20), moderate(0.18), light(0.18)"
123,No rainfall warning currently; residents advised to stay updated for changes.,0,"residents advised(0.36), stay updated(0.36), updated(0.36), currently(0.34), rainfall warning(0.34), advised stay(0.31), warning(0.29), residents(0.27), stay(0.26), advised(0.20), rainfall(0.17)"
124,Flood risk minimal with light rain forecast; continue monitoring local conditions.,0,"forecast continue(0.36), minimal(0.34), rain forecast(0.34), light rain(0.31), conditions(0.29), continue monitoring(0.27), flood(0.27), forecast(0.26), monitoring(0.25), risk(0.23), continue(0.21), local(0.21), rain(0.16), light(0.15)"
125,Occasional light rain is expected; monitor for any sudden heavy bursts.,0,"bursts(0.39), heavy bursts(0.39), light rain(0.36), monitor(0.34), sudden(0.33), occasional(0.32), rain expected(0.32), expected(0.22), rain(0.19), heavy(0.18), light(0.17)"
126,Light to moderate rain showers may affect low-lying barangays this afternoon.,0,"afternoon(0.39), rain showers(0.37), barangays(0.36), affect(0.31), showers(0.31), moderate rain(0.26), low lying(0.24), lying(0.24), low(0.22), light moderate(0.20), rain(0.20), moderate(0.18), light(0.18)"
127,Some areas may see brief heavy rain but widespread flooding is unlikely.,0,"widespread flooding(0.50), brief(0.47), widespread(0.47), heavy rain(0.35), flooding(0.24), rain(0.23), heavy(0.21), areas(0.18)"
128,Light rain is ongoing and may continue for the next few hours.,0,"ongoing(0.52), continue hours(0.47), light rain(0.45), hours(0.31), continue(0.31), rain(0.24), light(0.22)"
129,Intermittent light to moderate rain showers could impact visibility on roads.,0,"intermittent light(0.41), visibility(0.41), intermittent(0.36), rain showers(0.36), roads(0.34), showers(0.30), moderate rain(0.25), light moderate(0.19), rain(0.19), moderate(0.17), light(0.17)"
130,Light to moderate rain might extend to adjacent provinces by evening.,0,"adjacent(0.55), provinces(0.45), moderate rain(0.40), light moderate(0.31), rain(0.30), moderate(0.28), light(0.27)"
131,Light rains with isolated thunderstorms may form over mountain areas.,0,"isolated thunderstorms(0.47), light rains(0.45), isolated(0.42), mountain(0.36), thunderstorms(0.34), rains(0.26), light(0.21), areas(0.18)"
132,Light to moderate rainfall may cause slight water buildup in poor drainage zones.,0,"slight(0.36), buildup(0.34), water buildup(0.34), moderate rainfall(0.32), poor drainage(0.30), cause(0.29), zones(0.28), poor(0.27), drainage(0.24), water(0.23), rainfall(0.17), light moderate(0.17), moderate(0.15), light(0.15)"
133,Scattered light rains are forecast to continue until tonight.,0,"forecast continue(0.42), rains forecast(0.42), light rains(0.38), tonight(0.38), scattered(0.35), forecast(0.31), continue(0.25), rains(0.21), light(0.17)"
134,Expect light to moderate showers with occasional thunder in some districts.,0,"districts(0.44), moderate showers(0.42), expect light(0.40), expect(0.38), occasional(0.34), showers(0.32), light moderate(0.21), moderate(0.19), light(0.18)"
135,Light rains may persist through the night; minimal flooding concerns.,0,"minimal(0.48), rains persist(0.48), light rains(0.46), persist(0.39), rains(0.26), flooding(0.25), light(0.21)"
136,Light rain showers may slow down traffic in urban locations.,0,"locations(0.45), slow(0.42), light rain(0.39), rain showers(0.39), urban(0.38), showers(0.32), rain(0.20), light(0.19)"
137,Light to moderate rainfall may affect riverside settlements this afternoon.,0,"rainfall affect(0.42), settlements(0.42), afternoon(0.38), moderate rainfall(0.38), riverside(0.36), affect(0.30), rainfall(0.20), light moderate(0.20), moderate(0.18), light(0.17)"
138,Brief moderate rain showers could develop due to localized thunderstorms.,0,"brief moderate(0.40), develop(0.40), brief(0.38), rain showers(0.35), localized(0.34), showers(0.29), thunderstorms(0.28), moderate rain(0.25), rain(0.18), moderate(0.17)"
139,Light rain is likely across most barangays; impacts remain low.,0,"remain(0.45), light rain(0.43), barangays(0.42), likely(0.38), impacts(0.36), low(0.26), rain(0.23), light(0.21)"
140,Light to moderate rain with isolated heavy spots may continue intermittently.,0,"rain isolated(0.52), isolated(0.46), moderate rain(0.34), continue(0.33), light moderate(0.26), rain(0.25), heavy(0.24), moderate(0.23), light(0.23)"
141,Light rainfalls may expand into nearby municipalities later tonight.,0,"later tonight(0.57), tonight(0.51), later(0.49), nearby(0.35), light(0.24)"
142,Intermittent rain showers expected; no major flooding seen at this time.,0,"major flooding(0.45), intermittent(0.42), rain showers(0.42), major(0.38), showers(0.35), expected(0.26), flooding(0.23), rain(0.22)"
143,Light to moderate rain could linger as cloud cover thickens.,0,"cloud(0.68), moderate rain(0.42), light moderate(0.32), rain(0.31), moderate(0.29), light(0.28)"
144,Short moderate showers may cause minor pooling of water on roads.,0,"short(0.44), moderate showers(0.42), minor(0.40), cause(0.36), roads(0.36), showers(0.32), water(0.28), moderate(0.19)"
145,Light rain periods expected; keep monitoring for thunderstorm advisories.,0,"thunderstorm advisories(0.46), light rain(0.43), advisories(0.41), thunderstorm(0.39), monitoring(0.34), expected(0.27), rain(0.22), light(0.20)"
146,Light to moderate showers may hit elevated areas and valley communities.,0,"areas valley(0.40), elevated areas(0.40), elevated(0.38), moderate showers(0.38), valley(0.34), communities(0.30), showers(0.29), light moderate(0.19), moderate(0.17), light(0.17), areas(0.15)"
147,Light rainfall may affect morning activities; no major impacts expected.,0,"activities(0.40), light rainfall(0.40), rainfall affect(0.40), morning(0.38), major(0.32), affect(0.29), impacts(0.29), expected(0.22), rainfall(0.19), light(0.17)"
148,Light to moderate rains may trigger slight rises in small creeks.,0,"slight(0.45), creeks(0.43), small(0.43), trigger(0.40), moderate rains(0.31), rains(0.23), light moderate(0.21), moderate(0.19), light(0.19)"
149,Localized heavy rain is possible but short-lived; stay cautious.,0,"rain possible(0.48), short(0.48), localized(0.40), heavy rain(0.34), stay(0.34), possible(0.25), rain(0.22), heavy(0.21)"
150,Light rains with occasional stronger showers possible as winds shift.,0,"winds(0.50), light rains(0.48), occasional(0.41), showers(0.39), possible(0.28), rains(0.27), light(0.22)"
151,Intermittent light to moderate rains may persist due to lingering moisture.,0,"intermittent light(0.47), rains persist(0.44), intermittent(0.41), persist(0.36), moderate rains(0.32), rains(0.24), light moderate(0.22), moderate(0.20), light(0.19)"
152,Light to moderate rainfall could bring cooler conditions throughout the day.,0,"bring(0.49), day(0.46), moderate rainfall(0.44), conditions(0.40), rainfall(0.23), light moderate(0.23), moderate(0.21), light(0.20)"
153,Light rain is forecast with low chances of thunderstorm development.,0,"development(0.47), rain forecast(0.45), light rain(0.41), thunderstorm(0.38), forecast(0.34), low(0.24), rain(0.22), light(0.20)"
154,Light to sometimes moderate showers will continue across scattered zones.,0,"moderate showers(0.49), scattered(0.44), zones(0.41), showers(0.38), continue(0.31), light moderate(0.24), moderate(0.22), light(0.22)"
155,Light rainfall may spread farther inland as cloud systems move eastward.,0,"cloud(0.52), light rainfall(0.52), spread(0.49), systems(0.35), rainfall(0.24), light(0.22)"
156,Minor flooding still possible in areas with clogged drainage despite light rain.,0,"minor flooding(0.37), clogged(0.35), clogged drainage(0.35), possible areas(0.35), minor(0.33), light rain(0.32), flooding possible(0.31), drainage(0.24), possible(0.20), flooding(0.18), rain(0.17), light(0.15), areas(0.13)"
157,"Light to moderate rains are possible later, but overall flood threat remains low.",0,"remains(0.47), later(0.43), flood(0.37), moderate rains(0.34), possible(0.27), low(0.26), rains(0.25), light moderate(0.23), moderate(0.21), light(0.21)"
158,"Areas that are low-lying, urbanized, or close to rivers are more likely to experience localized flooding.",1,"urbanized(0.38), localized flooding(0.36), areas low(0.35), experience(0.34), localized(0.34), likely(0.31), rivers(0.27), low lying(0.22), lying(0.22), low(0.21), flooding(0.19), areas(0.15)"
159,"Flooding on roads may happen in many places because of trapped water, blocked drainage, and high tides, which can make some roads not passable.",1,"roads(0.56), passable(0.34), roads passable(0.34), tides(0.34), happen(0.32), places(0.24), high(0.23), drainage(0.23), water(0.21), flooding(0.17)"
160,"Local flooding can occur especially in built-up areas, low-lying places, and areas near rivers.",1,"flooding occur(0.33), local flooding(0.33), areas low(0.31), near rivers(0.31), especially(0.30), occur(0.27), areas(0.26), places(0.25), rivers(0.24), near(0.24), local(0.21), low lying(0.20), lying(0.20), low(0.18), flooding(0.17)"
161,People living near mountain slopes and low-lying areas along the mentioned river systems are advised to stay alert for possible flashfloods.,1,"systems advised(0.22), advised stay(0.22), alert possible(0.21), living near(0.21), possible flashfloods(0.21), areas mentioned(0.20), living(0.20), mentioned river(0.20), people living(0.20), near mountain(0.20), river systems(0.20), mountain slopes(0.19), slopes low(0.19), flashfloods(0.19), stay alert(0.19), mentioned(0.18), slopes(0.18), mountain(0.18), stay(0.18), near(0.17), systems(0.17), alert(0.16), people(0.16), lying areas(0.15), river(0.15), advised(0.14), low lying(0.14), lying(0.14), possible(0.13), low(0.13), areas(0.09)"
162,"Light to moderate, and sometimes heavy, rain is currently being experienced in several areas and may continue for the next 2 to 3 hours, possibly affecting nearby places.",1,"areas continue(0.25), currently experienced(0.25), experienced areas(0.25), hours possibly(0.25), nearby places(0.25), possibly affecting(0.25), rain currently(0.25), affecting nearby(0.24), currently(0.24), possibly(0.24), continue hours(0.23), experienced(0.22), affecting(0.21), moderate heavy(0.19), heavy rain(0.18), places(0.18), nearby(0.16), hours(0.15), continue(0.15), light moderate(0.12), rain(0.12), heavy(0.11), moderate(0.11), light(0.11), areas(0.09)"
163,The public and disaster management offices are advised to monitor the weather and wait for the next warning later tonight.,1,"later tonight(0.33), monitor weather(0.33), offices(0.33), offices advised(0.33), tonight(0.30), later(0.28), monitor(0.28), warning(0.27), weather(0.25), public(0.24), management(0.23), disaster(0.22), advised(0.19)"
164,Residents and local disaster councils near the mentioned areas are advised to stay vigilant and take precautions to lessen the effects of possible landslides and river flooding.,1,"mentioned areas(0.27), residents local(0.27), river flooding(0.27), disaster councils(0.25), possible landslides(0.25), vigilant(0.25), precautions(0.24), advised stay(0.23), landslides river(0.23), effects(0.21), mentioned(0.20), residents(0.20), stay(0.19), councils(0.18), local disaster(0.18), near(0.18), disaster(0.18), river(0.16), local(0.16), landslides(0.15), advised(0.15), possible(0.14), flooding(0.13), areas(0.10)"
165,"People near rivers, mountain slopes, and low-lying areas are strongly advised to take action since flooding is possible due to trapped water and poor drainage, and to continue monitoring updates.",1,"water poor(0.25), people near(0.24), near rivers(0.23), flooding possible(0.23), poor drainage(0.23), monitoring updates(0.22), mountain slopes(0.21), slopes low(0.21), poor(0.20), continue monitoring(0.20), slopes(0.20), mountain(0.20), updates(0.20), monitoring(0.19), rivers(0.18), drainage(0.18), near(0.18), people(0.18), water(0.17), lying areas(0.17), continue(0.16), advised(0.15), low lying(0.15), lying(0.15), possible(0.14), low(0.14), flooding(0.13), areas(0.10)"
166,"The public and local disaster offices are advised to prepare for river flooding, water buildup, tide-affected flooding, and possible landslides or flashfloods in mountain areas.",1,"landslides flashfloods(0.25), offices(0.25), offices advised(0.25), river flooding(0.25), tide affected(0.25), flooding(0.24), buildup(0.23), possible landslides(0.23), water buildup(0.23), flooding possible(0.21), affected(0.20), prepare(0.20), public local(0.20), flashfloods(0.19), mountain(0.18), public(0.18), tide(0.18), local disaster(0.17), disaster(0.16), water(0.16), river(0.15), local(0.15), landslides(0.14), advised(0.14), possible(0.13), areas(0.09)"
167,"People in mountain-slope and low-lying areas are advised to stay alert for possible flashfloods and landslides, and to keep monitoring updates.",1,"people mountain(0.29), slope(0.29), flashfloods landslides(0.26), advised stay(0.25), alert possible(0.24), possible flashfloods(0.24), monitoring updates(0.24), flashfloods(0.22), stay alert(0.22), mountain(0.21), updates(0.21), stay(0.21), monitoring(0.20), alert(0.19), people(0.19), lying areas(0.18), landslides(0.17), advised(0.16), low lying(0.16), lying(0.16), possible(0.15), low(0.15), areas(0.11)"
168,People in mountain-slope and low-lying areas along the mentioned river systems are still advised to watch out for possible flashfloods.,1,"people mountain(0.30), slope(0.30), watch(0.30), systems advised(0.27), possible flashfloods(0.25), areas mentioned(0.24), mentioned river(0.24), river systems(0.24), flashfloods(0.22), mentioned(0.22), mountain(0.22), systems(0.20), people(0.19), lying areas(0.18), river(0.18), advised(0.17), low lying(0.17), lying(0.17), possible(0.16), low(0.15), areas(0.11)"
169,"The public and local disaster offices are advised to take precautions against flooding along rivers, flooding caused by pooled rainwater and poor drainage, tide-affected flooding, and possible landslides or flashfloods in mountain areas.",1,"flooding(0.34), flooding rivers(0.23), landslides flashfloods(0.23), offices(0.23), offices advised(0.23), tide affected(0.23), possible landslides(0.22), rainwater(0.22), precautions(0.21), flooding possible(0.20), poor drainage(0.20), affected(0.19), public local(0.19), flashfloods(0.18), poor(0.18), mountain(0.17), public(0.17), tide(0.17), local disaster(0.16), rivers(0.16), drainage(0.16), disaster(0.15), local(0.14), landslides(0.14), advised(0.13), possible(0.12), areas(0.09)"
170,"People living near mountain slopes and low-lying areas of the mentioned river systems, as well as local disaster councils, are advised to stay alert for flashfloods and landslides.",1,"councils advised(0.23), disaster councils(0.21), systems local(0.21), flashfloods landslides(0.21), advised stay(0.20), living near(0.19), areas mentioned(0.19), living(0.19), mentioned river(0.19), people living(0.19), near mountain(0.18), river systems(0.18), mountain slopes(0.18), slopes low(0.18), flashfloods(0.17), stay alert(0.17), mentioned(0.17), slopes(0.17), mountain(0.17), stay(0.16), councils(0.16), local disaster(0.16), near(0.15), systems(0.15), alert(0.15), disaster(0.15), people(0.15), lying areas(0.14), river(0.14), local(0.13), landslides(0.13), advised(0.13), low lying(0.13), lying(0.13), low(0.12), areas(0.08)"
171,"The public and involved disaster councils are advised to remain alert, take needed precautions, and keep monitoring updates, especially rainfall warnings and advisories issued by the weather bureau.",1,"advised remain(0.27), councils advised(0.27), advisories issued(0.26), disaster councils(0.26), rainfall warnings(0.26), precautions(0.24), remain(0.24), advisories(0.23), especially(0.23), warnings(0.23), monitoring updates(0.22), issued(0.21), weather(0.21), public(0.20), updates(0.20), councils(0.19), monitoring(0.19), alert(0.18), disaster(0.18), advised(0.15), rainfall(0.13)"
172,"Light to moderate, and at times heavy, rains are expected.",1,"moderate times(0.40), times(0.40), times heavy(0.40), rains expected(0.39), heavy rains(0.31), expected(0.25), rains(0.23), light moderate(0.21), heavy(0.19), moderate(0.19), light(0.19)"
173,"Heavy rainfall is expected because of the shear line, with around 50–100 mm of rain from today until tomorrow noon.",1,"100(0.30), 100 mm(0.30), 50(0.30), 50 100(0.30), mm(0.30), rainfall expected(0.27), today tomorrow(0.24), tomorrow noon(0.22), today(0.21), tomorrow(0.21), line(0.21), noon(0.21), shear(0.21), shear line(0.21), heavy rainfall(0.19), expected(0.16), rainfall(0.14), rain(0.14), heavy(0.13)"
174,Heavy rainfall of about 50–100 mm due to the shear line is expected from tomorrow noon to the next day.,1,"100(0.29), 100 mm(0.29), 50(0.29), 50 100(0.29), expected tomorrow(0.29), mm(0.29), noon day(0.29), day(0.27), tomorrow noon(0.21), tomorrow(0.21), line(0.20), noon(0.20), shear(0.20), shear line(0.20), heavy rainfall(0.18), expected(0.16), rainfall(0.14), heavy(0.12)"
175,Another period of heavy rainfall due to the shear line is expected the day after.,1,"day(0.51), line(0.38), shear(0.38), shear line(0.38), heavy rainfall(0.33), expected(0.30), rainfall(0.25), heavy(0.23)"
176,Moderate to heavy rain is expected from today until tomorrow noon in several areas.,1,"expected today(0.39), today tomorrow(0.32), rain expected(0.31), moderate heavy(0.30), tomorrow noon(0.29), heavy rain(0.28), today(0.28), tomorrow(0.28), noon(0.28), expected(0.22), rain(0.18), heavy(0.17), moderate(0.17), areas(0.15)"
177,Moderate to heavy rain is expected from tomorrow noon to the next day in several areas.,1,"expected tomorrow(0.37), noon day(0.37), day(0.35), rain expected(0.29), moderate heavy(0.28), tomorrow noon(0.27), heavy rain(0.27), tomorrow(0.27), noon(0.26), expected(0.21), rain(0.17), heavy(0.16), moderate(0.16), areas(0.14)"
178,Rainfall may be higher in mountainous and elevated places.,1,"higher mountainous(0.40), mountainous elevated(0.40), rainfall higher(0.40), elevated(0.38), higher(0.38), mountainous(0.34), places(0.28), rainfall(0.19)"
179,Impacts may worsen in places that already had heavy rain beforehand.,1,"worsen(0.55), impacts(0.44), heavy rain(0.43), places(0.42), rain(0.28), heavy(0.26)"
180,"Light to moderate, and sometimes heavy, rain is currently being experienced in some areas and may continue for the next 2 to 3 hours, possibly affecting nearby areas.",1,"areas continue(0.26), currently experienced(0.26), experienced areas(0.26), hours possibly(0.26), possibly affecting(0.26), rain currently(0.26), affecting nearby(0.24), currently(0.24), possibly(0.24), continue hours(0.23), experienced(0.22), affecting(0.21), moderate heavy(0.20), areas(0.19), nearby areas(0.19), heavy rain(0.18), nearby(0.16), hours(0.15), continue(0.15), light moderate(0.12), rain(0.12), heavy(0.11), moderate(0.11), light(0.11)"
181,"Waterways may still be affected, especially along rivers and tributaries mentioned in the bulletin.",1,"affected especially(0.34), especially rivers(0.34), waterways(0.34), waterways affected(0.34), bulletin(0.32), rivers tributaries(0.32), tributaries(0.29), especially(0.28), affected(0.27), mentioned(0.25), rivers(0.23)"
182,People near mountain slopes and low-lying areas of the mentioned river systems are still advised to take necessary precautions.,1,"people near(0.25), precautions(0.25), systems advised(0.25), advised necessary(0.24), areas mentioned(0.23), mentioned river(0.23), near mountain(0.22), necessary(0.22), river systems(0.22), mountain slopes(0.22), slopes low(0.22), mentioned(0.21), slopes(0.21), mountain(0.20), near(0.19), systems(0.19), people(0.18), lying areas(0.17), river(0.17), advised(0.16), low lying(0.16), lying(0.16), low(0.14), areas(0.10)"
183,"Flooding is expected in some places, including road flooding and water buildup in low-lying residential areas.",1,"including(0.32), residential areas(0.32), flooding(0.32), buildup(0.31), residential(0.31), water buildup(0.31), flooding expected(0.29), road(0.29), places(0.23), water(0.20), low lying(0.18), lying(0.18), expected(0.18), low(0.17), areas(0.12)"
184,"Waterways may still be affected, especially along rivers and tributaries listed in the bulletin.",1,"affected especially(0.30), especially rivers(0.30), listed(0.30), listed bulletin(0.30), tributaries listed(0.30), waterways(0.30), waterways affected(0.30), bulletin(0.28), rivers tributaries(0.28), tributaries(0.26), especially(0.25), affected(0.24), rivers(0.20)"
185,"There will be a lot of cloud cover, scattered rain, and isolated thunderstorms.",1,"cloud(0.42), isolated thunderstorms(0.39), rain isolated(0.39), scattered rain(0.39), isolated(0.35), scattered(0.35), thunderstorms(0.29), rain(0.19)"
186,"The forecast calls for mostly cloudy skies, scattered rain, and isolated thunderstorms.",1,"cloudy(0.35), cloudy skies(0.35), skies(0.35), isolated thunderstorms(0.33), rain isolated(0.33), scattered rain(0.33), isolated(0.29), scattered(0.29), forecast(0.25), thunderstorms(0.24), rain(0.16)"
187,Rainfall ranges from light to moderate to occasionally heavy.,1,"occasionally(0.69), rainfall(0.34), light moderate(0.34), heavy(0.32), moderate(0.31), light(0.30)"
188,Heavy rainfall expected in the city City; residents in low-lying areas should monitor flooding conditions.,1,"city(0.63), rainfall expected(0.30), monitor(0.28), conditions(0.27), residents(0.25), heavy rainfall(0.21), lying areas(0.21), low lying(0.19), lying(0.19), expected(0.18), low(0.17), flooding(0.16), rainfall(0.16), heavy(0.14), areas(0.12)"
189,Floodwaters may reach critical points tonight; community response teams activated.,1,"activated(0.36), floodwaters(0.36), floodwaters reach(0.36), response(0.36), response teams(0.36), teams(0.34), reach(0.33), tonight(0.33)"
190,Caution advised due to intermittent heavy rains; drainage systems may be overwhelmed temporarily.,1,"caution(0.41), intermittent heavy(0.41), intermittent(0.38), drainage systems(0.35), heavy rains(0.30), drainage(0.29), systems(0.29), advised(0.25), rains(0.22), heavy(0.19)"
191,Riverbanks nearing overflow; continuous rainfall may trigger localized flooding.,1,"continuous rainfall(0.37), rainfall trigger(0.37), trigger localized(0.37), overflow(0.35), localized flooding(0.33), trigger(0.32), localized(0.31), continuous(0.30), flooding(0.18), rainfall(0.17)"
192,Emergency response teams mobilized as water levels rise in low-lying areas.,1,"response(0.36), response teams(0.36), teams(0.34), rise(0.33), water levels(0.33), emergency(0.31), levels(0.29), water(0.23), lying areas(0.22), low lying(0.20), lying(0.20), low(0.19), areas(0.13)"
193,Thunderstorm activity increasing; residents advised to take precautions especially in flood-prone districts.,1,"activity(0.35), districts(0.35), residents advised(0.35), flood prone(0.33), precautions(0.32), prone(0.30), especially(0.29), thunderstorm(0.28), flood(0.26), residents(0.26), advised(0.20)"
194,Flood checkpoints established; local officials monitor weather developments closely.,1,"closely(0.40), local officials(0.40), monitor weather(0.40), officials(0.38), monitor(0.34), weather(0.31), flood(0.30), local(0.24)"
195,Persistent rains expected overnight; minor landslides and flooding possible.,1,"overnight(0.42), persistent(0.40), minor(0.38), rains expected(0.37), flooding possible(0.36), landslides(0.24), expected(0.23), possible(0.23), rains(0.22), flooding(0.21)"
196,Community assistance teams ready for deployment; evacuation centers prepared.,1,"teams(0.75), evacuation(0.67)"
197,Local government advises caution; avoid non-essential outdoor activity during rainy hours.,1,"activity(0.43), government(0.43), local government(0.43), caution(0.41), avoid(0.37), hours(0.26), local(0.26)"
198,Low-lying and riverside communities may experience rising water levels as rains persist.,1,"lying riverside(0.33), rains persist(0.31), rising water(0.31), water levels(0.30), rising(0.29), riverside(0.29), experience(0.28), levels(0.26), persist(0.26), communities(0.25), water(0.21), low lying(0.19), lying(0.19), low(0.17), rains(0.17)"
199,Urban areas with poor drainage remain at risk of quick water buildup during heavy showers.,1,"buildup(0.34), heavy showers(0.34), water buildup(0.34), remain(0.33), poor drainage(0.31), urban(0.31), poor(0.28), showers(0.26), drainage(0.24), risk(0.23), water(0.23), heavy(0.16), areas(0.13)"
200,Residents near creeks and tributaries are advised to stay alert for sudden water surges.,1,"creeks tributaries(0.31), sudden water(0.31), surges(0.31), water surges(0.31), creeks(0.29), advised stay(0.27), tributaries(0.27), sudden(0.25), stay alert(0.24), residents(0.23), stay(0.22), near(0.21), alert(0.20), water(0.20), advised(0.18)"
201,Flooding may still occur in areas that already had significant rainfall earlier today.,1,"significant rainfall(0.44), flooding occur(0.41), earlier(0.40), significant(0.40), occur(0.34), today(0.31), flooding(0.21), rainfall(0.21), areas(0.16)"
202,Roads in some barangays may become slippery or flooded due to continuous rain; motorists should take caution.,1,"caution(0.43), motorists(0.43), flooded(0.41), barangays(0.38), continuous(0.37), roads(0.37), rain(0.21)"
203,"Light to moderate rain may intensify, increasing the chances of localized flooding.",1,"intensify(0.50), localized flooding(0.46), localized(0.43), moderate rain(0.31), flooding(0.25), light moderate(0.24), rain(0.23), moderate(0.21), light(0.21)"
204,Mountain communities are advised to watch for possible soil movement due to saturated ground.,1,"watch(0.53), ground(0.48), communities(0.40), mountain(0.39), advised(0.30), possible(0.29)"
205,Drainage-challenged areas may experience recurring water accumulation as rainbands continue.,1,"areas experience(0.46), water accumulation(0.44), accumulation(0.40), experience(0.39), drainage(0.31), water(0.29), continue(0.27), areas(0.17)"
206,Nearby rivers may swell from runoff; residents should monitor local advisories.,1,"runoff(0.49), advisories(0.41), monitor(0.41), residents(0.36), rivers(0.33), nearby(0.30), local(0.29)"
207,Heavy rainfall over the next few hours may trigger flashfloods in vulnerable zones.,1,"vulnerable zones(0.45), trigger(0.40), vulnerable(0.40), zones(0.35), flashfloods(0.34), heavy rainfall(0.28), hours(0.27), rainfall(0.21), heavy(0.20)"
208,Communities affected by earlier flooding should prepare for rising water again as new rain develops.,1,"rising water(0.42), earlier(0.40), rising(0.38), affected(0.35), prepare(0.35), communities(0.33), water(0.28), flooding(0.21), rain(0.20)"
209,Weather conditions may worsen in areas directly impacted by the shear line.,1,"worsen(0.47), conditions(0.43), weather(0.40), line(0.36), shear(0.36), shear line(0.36), areas(0.19)"
210,Evacuation may be necessary in places experiencing persistent water accumulation.,1,"experiencing(0.40), persistent(0.40), water accumulation(0.40), accumulation(0.37), evacuation(0.35), necessary(0.33), places(0.29), water(0.26)"
211,Landslide-prone areas are urged to remain vigilant due to continuous rainfall.,1,"areas urged(0.33), continuous rainfall(0.33), landslide prone(0.33), remain vigilant(0.33), vigilant(0.31), remain(0.30), urged(0.30), prone(0.29), landslide(0.28), continuous(0.27), rainfall(0.16), areas(0.12)"
212,Water levels in small rivers and streams may rise rapidly with incoming heavy rain.,1,"small(0.43), rise(0.41), water levels(0.41), levels(0.36), heavy rain(0.32), rivers(0.31), water(0.28), rain(0.21), heavy(0.19)"
213,Local authorities advise preparing emergency kits as rainfall may increase overnight.,1,"advise(0.48), authorities(0.48), overnight(0.48), emergency(0.42), local(0.28), rainfall(0.23)"
214,Flood-prone communities should expect possible road closures if rains intensify later.,1,"closures(0.32), intensify(0.32), prone communities(0.32), road closures(0.32), flood prone(0.30), road(0.29), expect(0.28), later(0.28), prone(0.28), communities(0.24), flood(0.24), possible(0.17), rains(0.16)"
215,Residents in coastal areas should watch for tide-assisted flooding during peak tide hours.,1,"tide(0.53), areas watch(0.37), peak(0.37), watch(0.37), residents(0.27), coastal areas(0.26), coastal(0.26), hours(0.22), flooding(0.18), areas(0.14)"
216,Continuous moderate to heavy rains may strain local drainage capacities.,1,"continuous(0.46), moderate heavy(0.43), heavy rains(0.39), drainage(0.38), local(0.33), rains(0.29), heavy(0.24), moderate(0.24)"
217,People living in hazard zones are advised to coordinate closely with local disaster councils.,1,"closely(0.40), disaster councils(0.38), living(0.33), people living(0.33), zones(0.31), councils(0.27), local disaster(0.27), disaster(0.26), people(0.26), local(0.24), advised(0.23)"
218,Moderate to heavy rainfall may worsen existing flood conditions in some barangays.,1,"worsen(0.44), barangays(0.41), conditions(0.39), moderate heavy(0.37), flood(0.36), heavy rainfall(0.30), rainfall(0.23), heavy(0.21), moderate(0.20)"
219,Nearby watercourses may overflow if rain persists beyond the next few hours.,1,"overflow rain(0.51), watercourses(0.51), overflow(0.48), nearby(0.31), hours(0.31), rain(0.23)"
220,Public is advised to avoid crossing swollen rivers and flooded pathways.,1,"avoid crossing(0.45), crossing(0.45), flooded(0.41), avoid(0.38), public(0.33), rivers(0.31), advised(0.26)"
221,Emergency services may respond to reports of rising water in low-lying communities.,1,"rising water(0.46), emergency(0.42), rising(0.42), communities(0.36), water(0.31), low lying(0.27), lying(0.27), low(0.25)"
222,Flashflood risk remains high in mountainous regions with steep slopes.,1,"regions(0.43), remains(0.43), steep(0.41), mountainous(0.39), slopes(0.34), high(0.32), risk(0.29)"
223,Intermittent heavy rains may cause sudden water surges in urban drainage systems.,1,"cause sudden(0.31), sudden water(0.31), surges(0.31), water surges(0.31), intermittent heavy(0.29), intermittent(0.27), urban(0.26), cause(0.25), sudden(0.25), drainage systems(0.25), heavy rains(0.21), drainage(0.21), systems(0.21), water(0.19), rains(0.16), heavy(0.13)"
224,Visibility on major roads may be reduced due to heavy downpours; motorists should slow down.,1,"downpours(0.44), visibility(0.44), motorists(0.41), slow(0.41), roads(0.36), major(0.35), heavy(0.19)"
225,Water levels may fluctuate quickly depending on rainfall intensity and drainage flow.,1,"water levels(0.57), levels(0.50), drainage(0.42), water(0.40), rainfall(0.30)"
226,Strong rainfall could trigger localized inundation in residential zones with poor runoff.,1,"rainfall trigger(0.37), runoff(0.37), trigger localized(0.37), residential(0.35), trigger(0.32), localized(0.31), strong(0.29), zones(0.29), poor(0.28), rainfall(0.17)"
227,Local government units advise preemptive evacuation if conditions continue to worsen.,1,"advise(0.41), government(0.41), local government(0.41), worsen(0.37), evacuation(0.35), conditions(0.34), continue(0.24), local(0.24)"
228,Isolated thunderstorms may enhance rainfall totals in already wet areas.,1,"isolated thunderstorms(0.61), isolated(0.54), thunderstorms(0.44), rainfall(0.30), areas(0.24)"
229,"Continuous moderate to heavy rainfall may cause sudden flooding in low-lying and urban areas, especially where drainage systems are inadequate; residents are advised to remain alert and monitor official updates",1,"advised remain(0.26), cause sudden(0.26), flooding low(0.26), residents advised(0.26), remain(0.23), especially(0.22), monitor(0.22), urban(0.22), cause(0.21), continuous(0.21), sudden(0.21), drainage systems(0.20), moderate heavy(0.20), residents(0.19), updates(0.19), drainage(0.17), systems(0.17), alert(0.17), heavy rainfall(0.16), advised(0.15), low lying(0.14), lying(0.14), low(0.13), flooding(0.12), rainfall(0.12), heavy(0.11), moderate(0.11), areas(0.09)"
230,"Rivers and creeks may rapidly rise due to persistent rains, posing a risk of overflow in nearby communities; people living along riverbanks are advised to take precautionary measures",1,"creeks(0.31), overflow(0.31), persistent(0.31), rise(0.30), living(0.27), people living(0.27), communities(0.24), measures(0.24), precautionary(0.24), precautionary measures(0.24), rivers(0.22), people(0.22), risk(0.21), nearby(0.20), advised(0.19), rains(0.17)"
231,Upland areas may experience flashfloods as soil saturation increases; local disaster councils are advised to closely monitor ground conditions,1,"areas experience(0.30), closely(0.30), councils advised(0.30), disaster councils(0.28), upland(0.28), upland areas(0.28), ground(0.27), experience(0.25), monitor(0.25), conditions(0.24), flashfloods(0.23), councils(0.20), local disaster(0.20), disaster(0.20), local(0.18), advised(0.17), areas(0.11)"
232,Riverside areas may experience prolonged flooding due to the combined effects of rainfall and high tide; motorists should avoid flooded roads when possible.,1,"areas experience(0.29), combined effects(0.29), riverside areas(0.29), combined(0.28), motorists(0.28), flooded(0.27), riverside(0.26), avoid(0.25), experience(0.25), roads(0.24), effects(0.23), high tide(0.22), tide(0.21), high(0.20), possible(0.16), flooding(0.14), rainfall(0.14), areas(0.11)"
233,"Intermittent heavy rains associated with weather disturbances may overwhelm drainage systems, leading to temporary road closures and water accumulation in residential areas",1,"closures(0.26), overwhelm(0.26), overwhelm drainage(0.26), residential areas(0.26), road closures(0.26), intermittent heavy(0.25), residential(0.25), water accumulation(0.25), associated(0.24), road(0.24), accumulation(0.23), intermittent(0.23), drainage systems(0.21), weather(0.20), heavy rains(0.18), drainage(0.18), systems(0.18), water(0.17), rains(0.13), heavy(0.11), areas(0.10)"
234,Severe flooding and landslides are predicted to occur frequently.,2,"predicted(0.50), severe flooding(0.50), severe(0.44), occur(0.39), landslides(0.29), flooding(0.25)"
235,"Flooding is likely to occur frequently, particularly in low-lying, urbanized, or river-front places.",2,"flooding likely(0.39), urbanized(0.39), particularly(0.38), likely(0.32), occur(0.32), places(0.29), river(0.25), low lying(0.23), lying(0.23), low(0.21), flooding(0.20)"
236,"In places that are moderately to very sensitive, landslides are likely.",2,"likely(0.65), places(0.59), landslides(0.48)"
237,"In extremely vulnerable places, landslides may occur.",2,"landslides occur(0.56), vulnerable(0.49), occur(0.43), places(0.39), landslides(0.32)"
238,Potential landslides or flash floods brought on by moderate to severe rains,2,"brought(0.38), landslides flash(0.38), potential landslides(0.38), potential(0.36), severe(0.33), flash floods(0.27), flash(0.27), floods(0.25), landslides(0.22), rains(0.20), moderate(0.16)"
239,Potential landslides or flash floods during strong thunderstorms,2,"landslides flash(0.38), potential landslides(0.38), strong thunderstorms(0.38), potential(0.36), strong(0.31), flash floods(0.27), flash(0.27), thunderstorms(0.26), floods(0.25), landslides(0.22)"
240,Flood warning issued due to continuous rains and rising river levels; evacuate vulnerable areas immediately.,2,"immediately(0.33), river levels(0.33), warning issued(0.33), evacuate(0.31), rising(0.29), vulnerable(0.29), continuous(0.27), warning(0.27), levels(0.26), issued(0.25), flood(0.24), river(0.20), rains(0.17), areas(0.12)"
241,Water levels rising near riverbanks; local authorities advise preparedness and possible evacuation.,2,"advise(0.37), authorities(0.37), preparedness(0.37), water levels(0.33), rising(0.32), evacuation(0.31), levels(0.29), near(0.25), water(0.23), local(0.22), possible(0.20)"
242,Severe flooding expected; all residents urged to follow evacuation orders and safety protocols.,2,"severe flooding(0.44), flooding expected(0.40), urged(0.40), severe(0.38), evacuation(0.37), residents(0.33), expected(0.24), flooding(0.21)"
243,Persistent heavy rains across the region; flood-prone zones should prepare for possible evacuation.,2,"prepare possible(0.36), flood prone(0.34), persistent(0.34), prone(0.31), evacuation(0.30), prepare(0.28), region(0.28), zones(0.28), flood(0.26), heavy rains(0.25), possible(0.19), rains(0.18), heavy(0.15)"
244,Flash flood alert in effect; avoid travel and stay indoors until further notice.,2,"flood alert(0.46), indoors(0.46), avoid(0.39), flood(0.34), stay(0.33), flash(0.32), alert(0.30)"
245,Heavy rainfall warning issued; risk of flash floods high in vulnerable zones.,2,"vulnerable zones(0.34), warning issued(0.34), rainfall warning(0.32), vulnerable(0.30), warning(0.28), issued(0.26), zones(0.26), flash floods(0.24), flash(0.24), high(0.23), floods(0.22), risk(0.22), heavy rainfall(0.21), rainfall(0.16), heavy(0.15)"
246,Flood alert raised to red; immediate evacuation recommended in high-risk barangays.,2,"flood alert(0.44), immediate(0.40), barangays(0.37), evacuation(0.37), flood(0.33), high(0.31), alert(0.29), risk(0.28)"
247,Flash flood warning in effect; avoid travel and remain indoors until alert lifted.,2,"indoors(0.46), remain(0.42), avoid(0.39), warning(0.38), flood(0.34), flash(0.32), alert(0.30)"
248,Heavy downpour expected; prepare for potential disruptions in transportation and power.,2,"potential(0.67), prepare(0.56), expected(0.39), heavy(0.30)"
249,Landslide risk warning activated; residents in steep slope areas urged to evacuate.,2,"activated(0.35), areas urged(0.35), slope(0.35), evacuate(0.33), steep(0.32), urged(0.32), landslide(0.30), warning(0.29), residents(0.26), risk(0.23), areas(0.13)"
250,Major flooding is likely in low areas; people should prepare.,2,"areas people(0.39), flooding likely(0.37), major flooding(0.37), low areas(0.35), major(0.31), prepare(0.31), likely(0.30), people(0.26), low(0.20), flooding(0.19), areas(0.14)"
251,Many places may experience strong floods and landslides.,2,"floods landslides(0.48), experience(0.46), strong(0.43), places(0.38), floods(0.36), landslides(0.32)"
252,"Flooding is very likely, especially in low or crowded areas and places near rivers.",2,"likely especially(0.41), flooding likely(0.39), near rivers(0.36), especially(0.34), likely(0.32), places(0.29), rivers(0.28), near(0.27), low(0.21), flooding(0.20), areas(0.15)"
253,Landslides are expected in areas where the ground is unstable.,2,"expected areas(0.54), unstable(0.51), ground(0.48), landslides(0.31), expected(0.29), areas(0.20)"
254,Landslides may happen in places with very soft or steep ground.,2,"happen(0.52), ground(0.49), steep(0.49), places(0.38), landslides(0.32)"
255,Heavy rain is expected today until tomorrow due to the shear line.,2,"expected today(0.41), today tomorrow(0.33), rain expected(0.32), heavy rain(0.29), today(0.29), tomorrow(0.29), line(0.29), shear(0.29), shear line(0.29), expected(0.22), rain(0.19), heavy(0.18)"
256,Heavy rain is expected tomorrow until the next day because of the shear line.,2,"expected tomorrow(0.42), day(0.40), rain expected(0.33), heavy rain(0.30), tomorrow(0.30), line(0.29), shear(0.29), shear line(0.29), expected(0.23), rain(0.19), heavy(0.18)"
257,Heavy rain is expected midweek due to the shear line.,2,"rain expected(0.43), heavy rain(0.39), line(0.39), shear(0.39), shear line(0.39), expected(0.30), rain(0.25), heavy(0.24)"
258,Very strong rain is expected today until tomorrow in many areas.,2,"expected today(0.47), today tomorrow(0.38), strong(0.37), rain expected(0.36), today(0.33), tomorrow(0.33), expected(0.26), rain(0.21), areas(0.17)"
259,Very strong rain is expected tomorrow until midweek in several regions.,2,"expected tomorrow(0.49), regions(0.46), strong(0.39), rain expected(0.38), tomorrow(0.35), expected(0.27), rain(0.22)"
260,Disaster officials should take all steps to protect people and property.,2,"officials(0.71), disaster(0.50), people(0.50)"
261,"Communities should prepare for strong winds, heavy rains, and high tide effects.",2,"strong winds(0.34), communities prepare(0.32), winds(0.32), tide effects(0.30), effects(0.27), prepare(0.27), strong(0.27), high tide(0.26), communities(0.25), tide(0.25), heavy rains(0.24), high(0.24), rains(0.18), heavy(0.15)"
262,Flooding continues in some areas as large rivers rise.,2,"rise(0.70), rivers(0.53), flooding(0.38), areas(0.29)"
263,Heavy rain is forecast in several regions until Wednesday because of a storm and the shear line.,2,"rain forecast(0.38), regions(0.38), storm(0.38), wednesday(0.32), forecast(0.29), heavy rain(0.29), line(0.28), shear(0.28), shear line(0.28), rain(0.18), heavy(0.17)"
264,Strong thunderstorms with heavy rain and wind are happening now and may last for a few hours.,2,"strong thunderstorms(0.49), happening(0.44), strong(0.39), heavy rain(0.35), thunderstorms(0.34), hours(0.29), rain(0.22), heavy(0.21)"
265,"Communities should prepare for flash floods, landslides, and river flooding.",2,"river flooding(0.38), communities prepare(0.36), floods landslides(0.33), landslides river(0.33), prepare(0.30), communities(0.28), flash floods(0.27), flash(0.27), floods(0.25), river(0.23), landslides(0.22), flooding(0.18)"
266,People should stay alert for hazards from the storm and keep monitoring updates.,2,"storm(0.41), hazards(0.37), monitoring updates(0.36), stay alert(0.33), updates(0.32), stay(0.31), monitoring(0.30), alert(0.29), people(0.29)"
267,Flooding along rivers and low places is possible; take precautions.,2,"flooding rivers(0.42), low places(0.42), places possible(0.42), precautions(0.38), places(0.30), rivers(0.29), possible(0.23), low(0.22), flooding(0.21)"
268,Communities should prepare for sudden flooding and high-tide effects.,2,"communities prepare(0.39), tide effects(0.36), sudden(0.34), effects(0.33), prepare(0.33), high tide(0.31), communities(0.30), tide(0.29), high(0.28), flooding(0.20)"
269,Coastal areas have been experiencing flooding for weeks because of high tides.,2,"areas experiencing(0.46), tides(0.46), experiencing(0.43), coastal areas(0.33), coastal(0.32), high(0.32), flooding(0.22), areas(0.17)"
270,People in mountain and low areas should watch for flash floods and landslides.,2,"areas watch(0.36), people mountain(0.36), watch(0.36), low areas(0.33), floods landslides(0.31), mountain(0.26), flash floods(0.26), flash(0.25), floods(0.24), people(0.24), landslides(0.21), low(0.19), areas(0.13)"
271,Take precautions against flooding and high tide effects linked to the storm.,2,"storm(0.43), precautions(0.41), tide effects(0.39), effects(0.36), high tide(0.34), tide(0.32), high(0.31), flooding(0.22)"
272,Communities should begin preparing for flash floods and river flooding.,2,"river flooding(0.47), floods river(0.45), communities(0.35), flash floods(0.34), flash(0.33), floods(0.31), river(0.28), flooding(0.23)"
273,People should prepare for rain-triggered flooding and landslides.,2,"prepare(0.59), people(0.48), landslides(0.43), flooding(0.36), rain(0.34)"
274,"The monsoon will bring light to heavy rain, and flooding in low places is possible.",2,"bring(0.37), flooding low(0.37), low places(0.37), places possible(0.37), monsoon(0.35), heavy rain(0.27), places(0.26), possible(0.20), low(0.19), flooding(0.18), rain(0.17), heavy(0.16), light(0.15)"
275,Those near mountains and rivers should stay alert for landslides and floods.,2,"mountains(0.40), near mountains(0.40), rivers stay(0.40), stay alert(0.31), stay(0.29), rivers(0.27), near(0.27), alert(0.26), floods(0.26), landslides(0.23)"
276,"Roads may be blocked, classes may stop, and crops may get damaged.",2,roads(1.00)
277,Low areas may flood because of poor drainage and high tide.,2,"low areas(0.40), poor drainage(0.37), high tide(0.34), poor(0.34), flood(0.33), tide(0.32), high(0.31), drainage(0.30), low(0.23), areas(0.16)"
278,"Communities should prepare for sudden flooding, landslides, and river overflow.",2,"communities prepare(0.41), overflow(0.41), landslides river(0.38), sudden(0.35), prepare(0.34), communities(0.32), river(0.26), landslides(0.25), flooding(0.21)"
279,People near rivers should stay alert for flash floods and landslides.,2,"rivers stay(0.35), people near(0.32), floods landslides(0.31), near rivers(0.31), stay alert(0.27), flash floods(0.25), stay(0.25), flash(0.25), rivers(0.24), near(0.24), alert(0.23), floods(0.23), people(0.23), landslides(0.21)"
280,Moderate to heavy rain is falling across the basin and may continue due to the ITCZ.,2,"basin(0.50), moderate heavy(0.46), heavy rain(0.44), continue(0.36), rain(0.28), heavy(0.26), moderate(0.26)"
281,Continuous torrential rain may trigger severe flash floods in highly exposed communities.,2,"highly(0.40), severe(0.38), trigger(0.38), continuous(0.36), communities(0.33), flash floods(0.31), flash(0.31), floods(0.29), rain(0.20)"
282,Widespread flooding is expected as river systems rise rapidly from heavy rainfall.,2,"widespread flooding(0.40), widespread(0.38), flooding expected(0.36), rise(0.36), river systems(0.32), systems(0.27), heavy rainfall(0.25), river(0.24), expected(0.22), flooding(0.19), rainfall(0.19), heavy(0.17)"
283,Landslides are highly possible in steep and heavily saturated mountain slopes.,2,"highly(0.46), steep(0.46), mountain slopes(0.39), slopes(0.37), mountain(0.37), landslides(0.29), possible(0.27)"
284,Evacuation is strongly advised in villages located near unstable hillsides.,2,"unstable(0.61), evacuation(0.55), near(0.43), advised(0.37)"
285,Severe storm conditions may produce flash floods within minutes in low-lying zones.,2,"minutes(0.40), storm(0.38), severe(0.35), conditions(0.33), zones(0.31), flash floods(0.29), flash(0.28), floods(0.26), low lying(0.22), lying(0.22), low(0.21)"
286,Intense thunderstorms may cause sudden landslides in vulnerable settlements.,2,"cause sudden(0.42), settlements(0.42), intense(0.37), vulnerable(0.37), cause(0.34), sudden(0.34), thunderstorms(0.29), landslides(0.24)"
287,Authorities warn that overflowing rivers may inundate nearby barangays.,2,"authorities(0.63), barangays(0.53), rivers(0.43), nearby(0.39)"
288,"Heavy rainfall may overwhelm drainage systems, causing widespread urban flooding.",2,"overwhelm(0.37), overwhelm drainage(0.37), urban flooding(0.37), widespread(0.35), urban(0.31), drainage systems(0.30), drainage(0.25), systems(0.25), heavy rainfall(0.23), flooding(0.18), rainfall(0.18), heavy(0.16)"
289,Emergency teams are on high alert due to the increasing risk of massive landslides.,2,"teams(0.52), emergency(0.48), high(0.38), alert(0.36), risk(0.35), landslides(0.32)"
290,Residents in flood-prone districts are urged to move to higher ground immediately.,2,"districts(0.37), immediately(0.37), flood prone(0.35), higher(0.35), ground(0.34), urged(0.34), prone(0.32), flood(0.28), residents(0.28)"
291,Rapid water rise expected in creeks and tributaries; avoid crossing flooded areas.,2,"avoid crossing(0.36), creeks tributaries(0.36), crossing(0.36), creeks(0.34), flooded(0.32), rise(0.32), tributaries(0.31), avoid(0.30), water(0.23), expected(0.20), areas(0.13)"
292,Landslide-prone communities should evacuate early to avoid nighttime hazards.,2,"early(0.37), landslide prone(0.37), prone communities(0.37), evacuate(0.35), prone(0.32), avoid(0.31), hazards(0.31), landslide(0.31), communities(0.27)"
293,Severe rainfall may cause soil erosion and slope collapse in multiple regions.,2,"slope(0.53), regions(0.50), severe(0.46), cause(0.43), rainfall(0.25)"
294,Floodwaters may reach dangerous depth levels if downpours continue for several hours.,2,"downpours(0.41), floodwaters(0.41), floodwaters reach(0.41), continue hours(0.37), reach(0.37), levels(0.33), hours(0.25), continue(0.24)"
295,Strong rain bands associated with the shear line may cause region-wide flooding.,2,"associated(0.42), cause(0.38), strong(0.37), region(0.36), line(0.33), shear(0.33), shear line(0.33), flooding(0.23), rain(0.21)"
296,"After heavy rain, the ground remains unstable; landslides may occur without warning.",2,"landslides occur(0.40), remains(0.38), unstable(0.38), ground(0.37), warning(0.33), occur(0.31), heavy rain(0.29), landslides(0.23), rain(0.18), heavy(0.17)"
297,Flash floods may develop in minutes during peak thunderstorm activity.,2,"activity(0.41), develop(0.41), minutes(0.41), peak(0.41), thunderstorm(0.32), flash floods(0.29), flash(0.28), floods(0.27)"
298,Major rivers may reach critical levels; continuous monitoring is essential.,2,"reach(0.47), continuous(0.43), levels(0.41), major(0.41), monitoring(0.36), rivers(0.35)"
299,Communities along steep terrain are advised to enforce preemptive evacuation.,2,"steep(0.58), evacuation(0.54), communities(0.48), advised(0.37)"
300,Multiple barangays may experience both river overflow and rain-induced flooding.,2,"overflow rain(0.42), overflow(0.40), induced(0.37), rain induced(0.37), barangays(0.35), experience(0.35), river(0.25), flooding(0.20), rain(0.19)"
301,Continuous strong rains may isolate some areas due to landslide-blocked roads.,2,"landslide(0.48), continuous(0.47), roads(0.47), strong(0.45), rains(0.29), areas(0.21)"
302,Emergency shelters should prepare for possible influx of evacuees due to rising hazards.,2,"prepare possible(0.49), emergency(0.43), rising(0.43), hazards(0.41), prepare(0.39), possible(0.26)"
303,High tide combined with heavy rain may worsen flooding in coastal neighborhoods.,2,"combined(0.43), worsen(0.41), high tide(0.34), heavy rain(0.32), tide(0.32), coastal(0.32), high(0.31), flooding(0.22), rain(0.21), heavy(0.20)"
304,Swift water currents may form in low areas; keep children indoors and safe.,2,"indoors(0.62), low areas(0.56), water(0.39), low(0.32), areas(0.23)"
