Barangay,Elevation_m,Duration_hr,Rainfall_mm,Numeric_Label
Burol ,93.80813112904994,1.0464078416490108,0.09886050935651837,0
Burol ,99.2817859108942,0.9589289524525573,0.10466706140018461,0
Burol ,97.20394244720835,1.0187019266503243,0.203943325085807,0
Burol ,95.93725559987185,0.9993814040456929,0.4791611533104036,1
Burol ,91.73217708420314,0.9887648805455647,1.3471847510306925,1
Burol ,91.73194794319393,1.0132711878748601,2.195723186983979,1
Burol ,90.80179431559789,1.0203857091634332,2.8706261719267463,1
Burol ,98.47867338486188,2.8513089808950927,0.10049717255163311,0
Burol ,95.96059261156049,2.9000859266241594,0.19834328557951406,0
Burol ,96.97668948906244,3.0639138151902956,0.6226649642917574,0
Burol ,90.44555269581012,3.0499156240734617,1.9407989207218774,1
Burol ,99.46414359553894,3.139814251538603,4.5436444281765604,1
Burol ,98.158205087604,3.078311337075235,7.593554961845016,1
Burol ,92.26722155144363,3.1352318123194016,9.745702509277738,1
Burol ,91.97733718846746,6.121524300920884,0.20943690602650972,0
Burol ,91.99234284360762,5.878831325183666,0.300378457323096,0
Burol ,93.14030130811561,5.763218953350514,0.9790876854231583,0
Burol ,95.23518610050625,6.1690943180069615,3.190210189436563,1
Burol ,94.3534776771001,6.086489532885549,7.043343292791892,1
Burol ,93.0166768318814,5.728911607435978,11.569785686774376,1
Burol ,96.0626024998626,5.916030279540587,15.50828223437872,1
Burol ,91.5751916761944,12.548159778581143,0.19258142493861763,0
Burol ,93.02537416108457,12.000481374852242,0.39191437593560846,0
Burol ,93.73043751129008,11.919274963223646,1.6448076939264071,0
Burol ,94.58266485006185,11.949239526191153,5.085529446249583,1
Burol ,97.70917163323362,11.650659268806196,10.602954948025959,1
Burol ,92.14690093050442,11.842448605037754,17.59245669928974,1
Burol ,95.1352271649293,11.843775907184613,25.294696578322952,1
Burol ,95.87793840418941,22.925652048449933,0.41759697491542835,0
Burol ,90.69127892083998,24.642162308443005,0.9843026712590024,0
Burol ,96.02167609306366,23.79961063656931,3.8806059081032154,0
Burol ,91.86997917502927,24.773231728359416,9.885378151207703,1
Burol ,90.86799013336015,24.84083520268775,18.48720308393419,1
Burol ,99.26441260390666,23.308785731276778,31.194202555564114,1
Burol ,99.42350431420832,24.377648357208308,42.53071744328572,1
Burol 1 ,108.23817215522284,0.9972281804162981,0.10209671343504526,0
Burol 1 ,102.9484445763204,1.0380156737921484,0.10483711583209153,0
Burol 1 ,100.77555719706703,0.9715740679176454,0.19100350700639948,0
Burol 1 ,106.93444677837765,1.0177813200310044,0.4798347279893784,1
Burol 1 ,104.37160118426581,1.0107752122252722,1.3286593763901584,1
Burol 1 ,101.03140146587018,0.9795301477571833,2.152001500725004,1
Burol 1 ,104.94935755616834,0.9636600903651172,2.9052904190850297,1
Burol 1 ,100.11107947170979,3.045491928143183,0.0953936187981973,0
Burol 1 ,109.29786422182721,3.0715792374396993,0.19043693423972405,0
Burol 1 ,102.46718980680018,2.944688203129005,0.6164691361871875,0
Burol 1 ,106.70648398571682,3.0434497812066943,1.92688668547391,1
Burol 1 ,103.02296629893881,2.968539272283451,4.385797071027307,1
Burol 1 ,105.21071422236702,3.063962064984785,7.629952095460509,1
Burol 1 ,105.49045793310444,2.909764582468216,10.126918836580222,1
Burol 1 ,101.69097178301803,6.234129001581705,0.19054213304672468,0
Burol 1 ,109.93063859152787,5.872445757879348,0.30850504507763726,0
Burol 1 ,107.8888946452917,5.920671592653692,0.9510513224541653,0
Burol 1 ,109.61473888642399,5.73485517124821,3.283804766200795,1
Burol 1 ,109.14568717949031,5.766907327392766,7.067447055775923,1
Burol 1 ,106.0279497775164,6.009517141627397,11.720751106847464,1
Burol 1 ,109.42967946774273,5.860555606036783,16.056867956956477,1
Burol 1 ,100.67917127154516,12.402576270890634,0.19953966785235308,0
Burol 1 ,101.80782005540102,11.417632066385945,0.3955683447449376,0
Burol 1 ,100.22488653356065,11.854912858406323,1.6619879256592578,0
Burol 1 ,103.16596847301427,11.804814656122911,5.3009060904416945,1
Burol 1 ,103.83111154173956,11.423193157101121,10.721039837459273,1
Burol 1 ,102.5991648336259,11.549242078800612,18.40942695230675,1
Burol 1 ,108.45174384609525,11.896371209902362,26.823219703620236,1
Burol 1 ,103.49590993028269,23.98287500267387,0.4184823399576541,0
Burol 1 ,102.6998123517175,23.770295393411686,1.0008959040422047,0
Burol 1 ,105.44830887316161,24.074250428189025,3.682545177955201,0
Burol 1 ,101.22970436223501,24.228316019773636,9.68090737276924,1
Burol 1 ,108.17306829791741,22.823817170706807,19.976445277793683,1
Burol 1 ,100.5327817586376,23.913828382688408,28.947728542027548,1
Burol 1 ,110.11231283430543,25.112398178130213,43.04087228972379,1
Burol 2 ,112.99469246226323,1.001903228012955,0.09782550267518639,0
Burol 2 ,106.6858724968759,1.0177542267458952,0.09779008290347797,0
Burol 2 ,104.56074328835963,0.9811863857916883,0.1980993717475238,0
Burol 2 ,113.47007571300318,1.0273991378152763,0.5249396467907828,0
Burol 2 ,112.27543078232378,1.0272921481876116,1.242145619889177,0
Burol 2 ,112.51907884845086,1.0021296047654138,2.217279200004777,0
Burol 2 ,112.9839738135454,1.0476013823279213,2.8747716474105833,0
Burol 2 ,105.314491169075,2.887665064428796,0.09654520829990519,0
Burol 2 ,108.443123013987,2.855084299466874,0.19879125883545798,0
Burol 2 ,105.77455965477643,3.081047463527129,0.6006276078807865,0
Burol 2 ,113.99413768463153,3.0921466612094646,1.9517584816729048,0
Burol 2 ,111.35627939510314,2.886062168736173,4.3192411375847435,0
Burol 2 ,108.13987827337914,2.929674849887582,7.238160100293229,0
Burol 2 ,105.19914185314626,2.8552657090099887,9.999284179521135,0
Burol 2 ,107.92080553887229,5.875985166468339,0.2093311687876109,0
Burol 2 ,108.07701654229422,6.163885124351203,0.31334122145017446,0
Burol 2 ,112.52566796171871,6.010776316627547,0.9834878290136985,0
Burol 2 ,111.51313218490735,5.908857355900973,3.222673259609204,0
Burol 2 ,114.25934016833959,5.923043576943798,7.078524865955442,0
Burol 2 ,109.69436417678145,5.700812175429281,11.217296910716259,0
Burol 2 ,105.81553670532132,5.879880316539142,16.497093712540146,0
Burol 2 ,112.34569265945295,12.175750489965516,0.20896739105577838,0
Burol 2 ,112.86863553478587,12.569033332579629,0.3836530293733423,0
Burol 2 ,110.67404917326446,12.41647299238068,1.5458316297652674,0
Burol 2 ,112.98063897950017,11.428313957574634,5.334980614413391,0
Burol 2 ,109.9317515600083,12.478272725609807,10.940918756567978,0
Burol 2 ,110.25006112320193,12.339838095958351,17.315837874738538,0
Burol 2 ,109.20295120194405,12.336451348285177,25.10150831681918,0
Burol 2 ,104.77961039418504,23.899189821608573,0.3979977469707544,0
Burol 2 ,105.68680569692634,23.755212703090805,1.0192908911024767,0
Burol 2 ,104.84572104255408,23.526997749199662,3.786269339910616,0
Burol 2 ,111.50051452390159,22.95766766149048,10.390467297796201,0
Burol 2 ,107.9579157918396,23.34776487238488,18.694146390822983,0
Burol 2 ,110.09427760281173,23.39184872394726,30.134736745809164,0
Burol 2 ,114.48323121318703,23.961784967304485,42.84229154936052,0
Burol 3 ,100.41770996023341,1.0247444406596693,0.09905645259447238,0
Burol 3 ,102.07694410726698,0.9973809828397947,0.0966916189384242,0
Burol 3 ,105.6321767269934,0.955784444944716,0.20954913126367686,0
Burol 3 ,100.20662110456371,1.0457789800988204,0.5176658593333293,1
Burol 3 ,98.64289307123657,1.0442724319094112,1.299783293678251,1
Burol 3 ,100.83443996501181,1.0285189543148407,2.222713992990487,1
Burol 3 ,99.51057925871625,1.049132790156422,2.9181783160678987,1
Burol 3 ,107.42588581912851,3.013344699840079,0.10043787070391748,0
Burol 3 ,106.1736399095135,3.138830505075962,0.20389940266242954,0
Burol 3 ,104.37405869205736,2.872681512185025,0.6009100217031953,0
Burol 3 ,106.82604407893349,2.9597042244784113,2.098057034116988,1
Burol 3 ,106.12782239206088,2.91761438040203,4.448990328749,1
Burol 3 ,99.77167160652617,2.908749925240281,7.452585153007087,1
Burol 3 ,107.04335768444678,2.8922408846678027,10.477595068168155,1
Burol 3 ,103.4052250917312,6.073448184939598,0.19340925023163286,0
Burol 3 ,106.16663359818985,6.168793113448383,0.296535474411188,0
Burol 3 ,107.07974038921198,6.046979039652216,0.9846958950377586,0
Burol 3 ,101.1254357922102,5.788177625752926,3.178178270434489,1
Burol 3 ,98.98353482263506,6.186674261960083,6.991610281631534,1
Burol 3 ,100.197732174182,6.081572824298237,11.781324177952822,1
Burol 3 ,102.24921022285044,5.932899423676197,16.47042312042554,1
Burol 3 ,106.27555208900168,12.208956354643275,0.20152977806279732,0
Burol 3 ,106.71552500754034,11.7118859750914,0.39368277738630225,0
Burol 3 ,97.92160694447126,11.814230650193053,1.6495965989893557,0
Burol 3 ,103.11069721654893,12.500983011758388,4.966527731982076,1
Burol 3 ,102.14933333243242,11.748605406805705,10.599577447981778,1
Burol 3 ,100.13771044784852,11.963985921789524,18.2081953217798,1
Burol 3 ,99.08461328353694,12.468169364875218,25.109784685237475,1
Burol 3 ,101.32743626545737,24.498531240642066,0.38036348139804865,0
Burol 3 ,107.56196995029894,22.949287742795285,1.0148297527298802,0
Burol 3 ,101.17899019981378,23.153527306269527,3.7041047139447874,0
Burol 3 ,103.19354340395667,22.8188198178526,9.846062636348229,1
Burol 3 ,105.09109527662034,24.314212296549993,19.991909862920984,1
Burol 3 ,101.59538490450673,23.874416220985005,30.233739950256666,1
Burol 3 ,107.8593554520259,23.12225964216546,44.251852837160676,1
Datu Esmael ,98.34700457245584,1.0457934121056771,0.0963945023620516,0
Datu Esmael ,91.66675358075842,1.002965972394562,0.10069206463129428,0
Datu Esmael ,93.97413595538842,0.9741893294112889,0.20735959253461808,0
Datu Esmael ,92.12825611227764,1.0000603571154707,0.5041552878639949,1
Datu Esmael ,91.97750064714819,1.0179620332735109,1.3283418431565102,1
Datu Esmael ,89.6467373051326,0.9576239217973564,2.171849584918686,1
Datu Esmael ,95.02990473941102,0.9774703815047892,2.87773485511112,1
Datu Esmael ,94.0251828183513,3.092089647265198,0.09957900295127071,0
Datu Esmael ,89.7839002617499,2.9878994611207985,0.19788958781677715,0
Datu Esmael ,91.91927676382414,3.0139731426096885,0.6220236109427368,0
Datu Esmael ,97.83769932808654,2.979844800662841,1.9487990604704946,1
Datu Esmael ,91.55188177226954,2.8631699827929014,4.605363060115448,1
Datu Esmael ,90.6620117976575,2.8997249339460467,7.895894280452395,1
Datu Esmael ,93.9008559466091,2.9836624916225674,9.942584275932866,1
Datu Esmael ,98.56511426863965,5.825511279244757,0.19696103910954643,0
Datu Esmael ,91.5753195522081,5.729987417195807,0.31186667222621656,0
Datu Esmael ,95.61807414561525,6.206189798431094,1.0466622220896107,0
Datu Esmael ,96.45922438408995,6.28871551749847,3.1819005129075344,1
Datu Esmael ,91.53379291352856,6.175885724398044,6.67827799103581,1
Datu Esmael ,96.14523367695148,6.2122709530228,11.83079093563682,1
Datu Esmael ,92.75716144756097,5.845186278190227,16.300430730185177,1
Datu Esmael ,95.24367480757965,12.55275237061584,0.1954694903074996,0
Datu Esmael ,95.25517928115241,11.636310845344115,0.40945892698476294,0
Datu Esmael ,94.33628203030273,12.541715772434198,1.5282651771383426,0
Datu Esmael ,90.14872383851144,12.59378315275914,4.870140191309852,1
Datu Esmael ,97.15184345853883,12.254067366895258,10.776053598608645,1
Datu Esmael ,92.31533261073432,12.577372478150187,17.93332120955051,1
Datu Esmael ,91.05327399775862,12.083447735480524,25.250716446532,1
Datu Esmael ,89.68328633061478,23.422900279622617,0.39964079050675644,0
Datu Esmael ,94.85439366596947,23.84879012559749,0.9820733582311572,0
Datu Esmael ,95.66910500131746,24.224546244909085,3.586135429833194,0
Datu Esmael ,89.45592559192184,22.975395748864837,9.711374853597714,1
Datu Esmael ,94.11367474801324,24.29362383508139,20.00706716106755,1
Datu Esmael ,91.42906028686062,25.154826808229508,29.753162477818535,1
Datu Esmael ,95.36462422984883,23.256258359480945,42.4639235571851,1
Emmanuel Bergado 1 ,112.2226505764579,1.0292595116288383,0.1007654498995114,0
Emmanuel Bergado 1 ,118.2148777619886,1.040789879377962,0.10483340768414227,0
Emmanuel Bergado 1 ,114.68613001708623,1.044370159282022,0.19483202552871526,0
Emmanuel Bergado 1 ,121.06606786934611,1.0460135604405447,0.5090641055266217,0
Emmanuel Bergado 1 ,111.79524295209352,1.0021459638721473,1.3280780101604241,0
Emmanuel Bergado 1 ,114.156369672183,1.0477307907991504,2.2236113716944748,0
Emmanuel Bergado 1 ,111.51629284639083,1.0257310207134438,2.8765735018909933,0
Emmanuel Bergado 1 ,120.92644597203133,2.8985014308710886,0.10176872275827577,0
Emmanuel Bergado 1 ,120.37713649921938,2.993070031940391,0.19128189422072353,0
Emmanuel Bergado 1 ,113.1921228814958,3.0654993526116012,0.6057685589729938,0
Emmanuel Bergado 1 ,117.85581493399647,2.924202094745725,2.0479162354443483,0
Emmanuel Bergado 1 ,119.6797775223341,3.042184555064666,4.2728267518727785,0
Emmanuel Bergado 1 ,116.64032941455376,3.0499801437139857,7.807924615694795,0
Emmanuel Bergado 1 ,116.34394670892968,2.89880992314257,9.720960881643663,0
Emmanuel Bergado 1 ,113.00548657444524,6.039051187471654,0.20687625727316614,0
Emmanuel Bergado 1 ,111.27999210654843,6.162976146587165,0.29880987151928295,0
Emmanuel Bergado 1 ,120.60770279225859,5.999337398721565,0.9717587939931644,0
Emmanuel Bergado 1 ,120.64484946309463,5.707261870065665,3.0828090063980698,0
Emmanuel Bergado 1 ,117.54397690436991,5.7054230814475755,7.108248873956013,0
Emmanuel Bergado 1 ,114.13274557616492,5.9142176063820076,11.295745393345765,0
Emmanuel Bergado 1 ,114.25083106550687,6.255716441059069,15.518549471897481,0
Emmanuel Bergado 1 ,118.62108587489477,11.67441213552433,0.19695644694866093,0
Emmanuel Bergado 1 ,120.60647901544989,12.161236426646024,0.40480939395844484,0
Emmanuel Bergado 1 ,120.49020252147537,11.666491044831984,1.6071681736441759,0
Emmanuel Bergado 1 ,119.24655633194844,11.786003987591458,4.90907818113028,0
Emmanuel Bergado 1 ,117.64756709538973,12.417650507521781,10.670803502274655,0
Emmanuel Bergado 1 ,111.17602359394256,12.274633730723936,17.724528223376563,0
Emmanuel Bergado 1 ,112.07489308349751,11.514479132775852,24.988088993176405,0
Emmanuel Bergado 1 ,120.62322858691412,23.82888485036744,0.3964457734591995,0
Emmanuel Bergado 1 ,117.23457709205124,22.870007432748636,1.0204031452591658,0
Emmanuel Bergado 1 ,110.30668579875291,23.95413635184722,3.5954575849203776,0
Emmanuel Bergado 1 ,111.37706989724597,24.389841628082564,9.768012090905952,0
Emmanuel Bergado 1 ,117.89662052165345,23.084406296635564,18.89165228526662,0
Emmanuel Bergado 1 ,110.25871437261614,23.493323853381998,31.4503225013651,0
Emmanuel Bergado 1 ,112.06537339644298,23.754807901205176,44.64142534387363,0
Emmanuel Bergado 2 ,105.51170478834915,1.041953102465605,0.10300137582752077,0
Emmanuel Bergado 2 ,107.01489957577328,1.0493255015422964,0.09741658920819185,0
Emmanuel Bergado 2 ,106.5955932247773,0.9544911298995615,0.19136074628183342,0
Emmanuel Bergado 2 ,102.10482774933588,1.026100792349539,0.4908452068860312,1
Emmanuel Bergado 2 ,107.22788182414912,0.9871724066402343,1.269683291426398,1
Emmanuel Bergado 2 ,102.2411154187164,0.989245818622948,2.201303676032207,1
Emmanuel Bergado 2 ,103.16669683067231,1.0254264973347023,3.083318373020338,1
Emmanuel Bergado 2 ,107.58815975373925,3.1255279296436225,0.10358322938878858,0
Emmanuel Bergado 2 ,106.57114543999576,3.1352785783507646,0.20689728170821017,0
Emmanuel Bergado 2 ,108.66684581018887,3.0231367758114964,0.591580533673384,0
Emmanuel Bergado 2 ,106.6549353691536,2.9571363477901507,2.0374468686921365,1
Emmanuel Bergado 2 ,105.71724033502245,3.086264725757634,4.317647046910658,1
Emmanuel Bergado 2 ,100.73358506219498,2.92530041497869,7.218483685142563,1
Emmanuel Bergado 2 ,103.61101593212405,3.0192222086500555,10.405596570915,1
Emmanuel Bergado 2 ,102.53462486065811,5.9151470769149235,0.19019655105139577,0
Emmanuel Bergado 2 ,102.31189125548038,6.093978644224726,0.29727547762375467,0
Emmanuel Bergado 2 ,109.96661082490068,5.844239347736104,0.9829379269302075,0
Emmanuel Bergado 2 ,103.87752610900098,5.814955767440895,3.2618808123260328,1
Emmanuel Bergado 2 ,109.1164888293597,6.250943452005262,6.981046921477057,1
Emmanuel Bergado 2 ,106.37695557297126,5.7610822097697225,11.568831670446116,1
Emmanuel Bergado 2 ,108.09551868718731,6.003574744640959,16.498603223111765,1
Emmanuel Bergado 2 ,105.02768947760451,11.66502333955561,0.19587833521009868,0
Emmanuel Bergado 2 ,105.80749078857677,11.4467159559908,0.39785305439946245,0
Emmanuel Bergado 2 ,104.92143578509807,11.443222581949712,1.6363229643222614,0
Emmanuel Bergado 2 ,101.80005137187946,11.610266126526993,5.198389316904642,1
Emmanuel Bergado 2 ,107.3357472102458,12.4401244254072,11.431231634820298,1
Emmanuel Bergado 2 ,102.69810980562899,11.738974492772432,17.699793064072995,1
Emmanuel Bergado 2 ,100.00531764753026,12.540551004690355,26.142562832580577,1
Emmanuel Bergado 2 ,106.52745910702527,24.195893503174066,0.4043872763310311,0
Emmanuel Bergado 2 ,101.60966213377401,23.84787405544504,1.041509845449003,0
Emmanuel Bergado 2 ,109.6248151357056,24.19221320320669,3.572853992408604,0
Emmanuel Bergado 2 ,109.76625005852716,24.04007612454304,10.149280181951063,1
Emmanuel Bergado 2 ,109.35607609731471,24.62106300901758,19.23039305707335,1
Emmanuel Bergado 2 ,103.63666635268217,23.477990558334845,29.34354694110329,1
Emmanuel Bergado 2 ,99.9122944735531,23.647320939840725,42.59083708340844,1
Fatima 1 ,130.35398203234658,1.039409430253325,0.09833776597069799,0
Fatima 1 ,124.10230185396642,1.0446456513150406,0.10079313402788462,0
Fatima 1 ,130.83318523804587,1.0392558227486475,0.20778001221629333,0
Fatima 1 ,130.79524971361565,0.9919447993957313,0.5034652492206101,0
Fatima 1 ,129.412618193342,1.028036550300688,1.317123914382456,0
Fatima 1 ,122.43061115086982,0.9976335733301098,2.204124526365236,0
Fatima 1 ,123.56372160752406,0.9997539852146102,2.8653496519336428,0
Fatima 1 ,129.3892083939607,2.911404032717185,0.09732858556876095,0
Fatima 1 ,122.71152506445347,3.027339090977555,0.19984003458864166,0
Fatima 1 ,120.86865933357616,2.905840769326004,0.5886141170246822,0
Fatima 1 ,125.71001578072938,2.949469409720158,1.9363527195522388,0
Fatima 1 ,130.45193467700977,3.1065090604859806,4.401818450444114,0
Fatima 1 ,127.45037245843716,2.9121227427632563,7.416221394053127,0
Fatima 1 ,125.87576462611706,2.87134748555203,9.953269796036881,0
Fatima 1 ,119.96470617213461,5.74140455556769,0.19927970834880762,0
Fatima 1 ,126.43759033373962,6.264470712301865,0.2889985277424652,0
Fatima 1 ,131.1256731263033,6.004152262777101,1.0427745733075406,0
Fatima 1 ,120.50105019045655,5.945647243090211,3.317664671334157,0
Fatima 1 ,125.2291206545467,6.1865271486047515,6.941181998303564,0
Fatima 1 ,129.71716339909943,6.20149555674631,11.335332316554378,0
Fatima 1 ,128.00960772192755,5.8993146198693625,16.441403607151507,0
Fatima 1 ,127.46269676244086,12.232341668968555,0.2061591465621804,0
Fatima 1 ,127.53105104983887,12.325347379022263,0.4107105847085735,0
Fatima 1 ,123.24363939024694,12.185580824239146,1.5382345419390786,0
Fatima 1 ,122.41989805330617,11.581914089760119,5.173393058104559,0
Fatima 1 ,128.86701444348142,12.451059700220469,11.264414027366845,0
Fatima 1 ,128.87641743348976,12.04691346328321,18.340783190219796,0
Fatima 1 ,129.5884039822513,11.738966911644004,26.10163297277426,0
Fatima 1 ,130.1655069069559,23.820547645050464,0.39833453917705225,0
Fatima 1 ,125.14177998576172,22.890170616957377,1.0028707319884052,0
Fatima 1 ,125.01895368359,23.1068803229338,3.5277194375901386,0
Fatima 1 ,128.7286897370847,24.637312201238068,10.037573391753552,0
Fatima 1 ,126.87454913472206,22.800027923412877,18.300564176622114,0
Fatima 1 ,127.52458596572129,23.799757988357502,29.82491381220935,0
Fatima 1 ,128.69740836795125,24.054024434605413,41.814637267039835,0
Fatima 2 ,129.87506677271958,0.9554634420000973,0.10045427950211713,0
Fatima 2 ,122.9749394606442,1.0473078162972334,0.09633416335523208,0
Fatima 2 ,123.4447869079993,0.9726125331249672,0.20383286803946637,0
Fatima 2 ,119.92477424801086,0.9804198719636281,0.5147505768464236,0
Fatima 2 ,125.97850176245217,0.9803942512255027,1.2562360784666105,0
Fatima 2 ,119.19927842245927,0.9730416662117349,2.1129488792174143,0
Fatima 2 ,124.56997522665576,0.9501473822086312,2.8936546448362077,0
Fatima 2 ,125.5330579338447,3.068803438226399,0.10377127561898503,0
Fatima 2 ,122.33176565160356,3.1400536499397855,0.20056378523512713,0
Fatima 2 ,126.13541575711264,2.9172880449855136,0.5980356597604501,0
Fatima 2 ,119.13125312423811,3.048914157541027,1.9213423638204707,0
Fatima 2 ,119.21685235936518,3.0725688980876145,4.465804642973064,0
Fatima 2 ,129.03250700824572,3.1045276137271576,7.827839691880793,0
Fatima 2 ,123.25238301764078,2.9767887591040827,10.534749586709921,0
Fatima 2 ,120.33825640814857,5.881758543384257,0.20252109417961603,0
Fatima 2 ,125.27804075068505,5.895177080413819,0.2872583614995502,0
Fatima 2 ,128.37491941373264,6.127572799859108,0.9612397027176013,0
Fatima 2 ,121.44776284371054,6.190067679903382,3.055778875875144,0
Fatima 2 ,126.5361309477375,5.808968380653962,6.635085867214879,0
Fatima 2 ,119.8168433124221,5.922564604894659,11.370080531249247,0
Fatima 2 ,119.3960215146076,6.24116411804949,15.616076864403894,0
Fatima 2 ,125.39193289460185,12.368032223633687,0.19770116111437924,0
Fatima 2 ,125.50793902012633,12.581830083314971,0.41771931136284546,0
Fatima 2 ,126.71787376872759,12.305097911618496,1.6176601695650707,0
Fatima 2 ,127.82614167153326,11.871834241233508,5.2708366306983105,0
Fatima 2 ,130.94815099328167,12.108765400793565,11.129283135776442,0
Fatima 2 ,125.20375435376494,12.193217105096785,17.494755697558467,0
Fatima 2 ,122.78695591176557,11.494146979580549,26.331905245396985,0
Fatima 2 ,128.6898274346088,24.106792701849276,0.391003955262365,0
Fatima 2 ,122.13540314077592,24.502369988334262,1.0139107846994706,0
Fatima 2 ,124.23714275882045,23.201571129602545,3.6411559302479057,0
Fatima 2 ,119.73070476677833,24.673516121821336,10.392695540632014,0
Fatima 2 ,119.06688429269322,24.20105467323387,18.648383325838847,0
Fatima 2 ,130.78310518347408,25.085332285674227,29.356949673264356,0
Fatima 2 ,129.19975150640258,22.90181351569654,44.538970531251444,0
Fatima 3 ,132.5476646792181,0.9765326137555467,0.09524644404636323,0
Fatima 3 ,128.8163882773855,1.0101553879299825,0.10196688987873198,0
Fatima 3 ,125.75282616092099,0.9796559912205931,0.20450652781471756,0
Fatima 3 ,125.53368155472413,1.0214424164071243,0.51681892887052,0
Fatima 3 ,126.75315767613974,1.0259005282521931,1.3616771103830019,0
Fatima 3 ,130.63994664117956,0.9602515964066475,2.3046324222144636,0
Fatima 3 ,132.7897469951008,1.0013854464206768,2.869583027269939,0
Fatima 3 ,132.0825658973305,3.0026671666773166,0.10321839322752903,0
Fatima 3 ,127.13914066029726,2.9607842310646624,0.20292619867314765,0
Fatima 3 ,135.91324864862153,3.1298774587709017,0.6088405280623854,0
Fatima 3 ,133.09265991704498,3.0982518959619663,1.9256699853229389,0
Fatima 3 ,130.7066026826482,3.059162814572891,4.466082353236088,0
Fatima 3 ,131.4523697010466,3.0642979907204992,7.914274348353942,0
Fatima 3 ,128.95480081156126,2.988514843143936,10.620054940930235,0
Fatima 3 ,126.72050286351505,6.252596712657946,0.19878261321609703,0
Fatima 3 ,128.1276448224664,6.116757256351971,0.28619843919858284,0
Fatima 3 ,133.3519994360368,6.13738863699349,0.9862293490000205,0
Fatima 3 ,123.68711535218682,6.217014542272407,3.304444899712178,0
Fatima 3 ,125.00894432658991,5.864442953605314,6.937019388996313,0
Fatima 3 ,124.09803434628279,6.184242542320022,11.75202551360087,0
Fatima 3 ,124.0294744301466,5.817144361773895,15.28816245625413,0
Fatima 3 ,134.62098759214308,11.814410342693865,0.19853789455646606,0
Fatima 3 ,132.6475521719403,11.802732545123812,0.39876099758871536,0
Fatima 3 ,129.66425977813523,12.574230562066969,1.6685688852630618,0
Fatima 3 ,124.77184408846301,12.427844668497512,5.171953912826901,0
Fatima 3 ,129.89100637651882,12.241403833908311,10.694701679153567,0
Fatima 3 ,129.65513302014736,12.272468113938467,18.24607924130031,0
Fatima 3 ,125.7516243088302,12.074487353283086,24.608677279372507,0
Fatima 3 ,129.14007144009366,25.073017601060446,0.4189027294259895,0
Fatima 3 ,128.68056154716587,23.991021006917666,0.9860059901930726,0
Fatima 3 ,131.5060512746788,23.71324250368775,3.6918109213178605,0
Fatima 3 ,131.75621746127936,23.191284808635817,9.756731134494554,0
Fatima 3 ,124.08895212703658,24.68689356542654,19.448597404521944,0
Fatima 3 ,128.36996399014413,24.56266543698142,30.507020939305438,0
Fatima 3 ,131.63617890428506,23.722452092457925,43.61942626595941,0
H-2 ,92.0288535789368,0.952519341395923,0.09768143229611921,0
H-2 ,95.27970653893257,1.0338997327718011,0.09815668481164067,0
H-2 ,93.4599814108943,0.9511417983454074,0.19250502462192418,0
H-2 ,88.89899672914915,1.0203699779629052,0.5077754985923056,1
H-2 ,88.04923247608396,1.0470257109726058,1.240173626553635,1
H-2 ,93.31025735949811,0.9937661328148204,2.221490113815161,1
H-2 ,87.64390405698292,0.9734973404995952,3.1109087654554903,1
H-2 ,92.78913534771586,3.0614613030130147,0.10390832148289635,0
H-2 ,96.05011822110961,3.0951384426046755,0.19898075520739925,0
H-2 ,92.69436243645809,3.013929094823354,0.5975582212927844,0
H-2 ,90.97116332110001,3.1401105825768436,1.9153938366016035,1
H-2 ,93.31825160966964,2.865500616497388,4.475136611194936,1
H-2 ,91.61592659252196,3.0014386794913586,7.792550862381498,1
H-2 ,92.4196744617066,3.065536184196765,9.939548155696807,1
H-2 ,96.06147624074403,6.217584282689508,0.19842601763266732,0
H-2 ,90.95214426776712,5.807553367144674,0.3101651801029581,0
H-2 ,96.24295318718,6.180002089058209,1.0377120467662289,0
H-2 ,95.72922590599579,6.031624245431127,3.1178175936845527,1
H-2 ,89.20127844006153,5.937932209193978,6.834388031488127,1
H-2 ,88.03812396805152,5.779029017147456,11.437141917750276,1
H-2 ,88.32715761267232,6.219177455345347,15.36300602262329,1
H-2 ,87.56764079599425,11.588727849815658,0.20822241002783917,0
H-2 ,88.26887523895454,11.771745431050919,0.4128203001692844,0
H-2 ,93.68366231543048,11.748054638354924,1.641605584288508,0
H-2 ,88.0549355658341,12.445696841029026,4.869870822594701,1
H-2 ,90.3345757987026,12.207243593050677,11.274664384054182,1
H-2 ,95.17285286091898,12.356017676629646,18.087240218147798,1
H-2 ,87.6141018087696,11.700561478550998,25.3195614546786,1
H-2 ,94.89311003981821,24.299697839056797,0.4018590544410151,0
H-2 ,89.99306392791527,24.172190359544995,0.9591353242723556,0
H-2 ,88.48711641411924,24.79879290429185,3.794959223260388,0
H-2 ,93.80998192135019,24.974608945155026,9.981610726119413,1
H-2 ,93.18627419037493,22.82917625154573,18.50138708502775,1
H-2 ,95.47274252444889,24.4176478057411,29.084073063706676,1
H-2 ,94.16265360299575,22.92440591788735,41.351741742215324,1
Langkaan 1 ,198.85718195642758,1.0048858665077356,0.09557002387551934,0
Langkaan 1 ,188.79326725062623,0.9787632729043678,0.10087798449371685,0
Langkaan 1 ,186.77458319494866,0.9806776599522141,0.20680696355177017,0
Langkaan 1 ,197.83686470666856,0.9852958503452357,0.47587491069936944,0
Langkaan 1 ,198.9219104678582,1.012129244904961,1.2413706038462655,0
Langkaan 1 ,202.46674924061298,0.983404996566877,2.216009460871128,0
Langkaan 1 ,191.31352116439052,1.0232699050590282,3.0958487056158157,0
Langkaan 1 ,190.52994905580073,2.971358215672161,0.09826738890568634,0
Langkaan 1 ,198.33477014232054,2.8705059600929874,0.19699228797615445,0
Langkaan 1 ,189.92750832688324,3.085127952745232,0.6057807898498065,0
Langkaan 1 ,201.3136163841488,2.935727497377812,1.9548425778248295,0
Langkaan 1 ,199.91736611057013,2.979830063879779,4.191707681074181,0
Langkaan 1 ,191.62958472833785,3.0556331649665704,7.727597531166705,0
Langkaan 1 ,197.8418116083759,2.9497368471446137,10.328162911200282,0
Langkaan 1 ,197.91267746983436,5.733951393688029,0.2016151199811132,0
Langkaan 1 ,185.3402906685335,5.924352628207688,0.3072505238697547,0
Langkaan 1 ,200.76927109891562,6.2666691496165825,1.0175230837562037,0
Langkaan 1 ,193.10137078824366,6.085040638379135,3.105882236217063,0
Langkaan 1 ,199.3006290958794,6.102887489200324,6.699687111921478,0
Langkaan 1 ,189.5269572998908,6.079369292182584,11.358809967180779,0
Langkaan 1 ,200.63359830997666,5.819395283375662,15.40777122146861,0
Langkaan 1 ,190.86159239956936,11.902000636922736,0.2035239149271308,0
Langkaan 1 ,183.55916667356976,12.301127758035982,0.41434400427929996,0
Langkaan 1 ,200.8238721448918,11.52164747706379,1.6740372134177823,0
Langkaan 1 ,185.11183286197237,11.733423331307655,5.1654570299502165,0
Langkaan 1 ,189.51275320549502,11.731582930159025,10.555670442463443,0
Langkaan 1 ,201.68619596408053,11.918422713113408,17.482283628717052,0
Langkaan 1 ,201.69671793589484,12.576442489130622,26.529809124278312,0
Langkaan 1 ,194.41735124077942,22.962006112041173,0.4031502590544,0
Langkaan 1 ,195.54445819487714,24.04488238651343,1.011828502101372,0
Langkaan 1 ,192.00499857418157,23.230475236829307,3.804140972839243,0
Langkaan 1 ,189.00896789377265,25.129623708983384,10.101244455455127,0
Langkaan 1 ,189.69322572563937,23.071928411345915,19.738815262955146,0
Langkaan 1 ,196.32960620228684,23.76864240566782,28.687754144190556,0
Langkaan 1 ,197.87082841814723,24.570923963603054,43.756913118907576,0
Langkaan 2 ,167.75273841273133,1.0204554428027446,0.10350852757322096,0
Langkaan 2 ,167.72077572755123,0.9922728636893933,0.09786135042458315,0
Langkaan 2 ,156.33665947969365,0.9846524167952718,0.20280894547986505,0
Langkaan 2 ,162.90905096665207,0.989761237855287,0.4907081031918486,0
Langkaan 2 ,155.7882077882713,0.9764276263158639,1.359536238642719,0
Langkaan 2 ,163.80732078187688,0.97053329387068,2.0973531859358108,0
Langkaan 2 ,162.04694717238604,0.998303969755889,3.0239378531498864,0
Langkaan 2 ,169.31957817896028,2.930560126820282,0.09666503547049515,0
Langkaan 2 ,160.5699147045989,2.936238499469175,0.2042444041035432,0
Langkaan 2 ,156.75819236776996,3.047026819042367,0.5805534170051198,0
Langkaan 2 ,157.18076441746123,3.1405611995099676,1.9470766523796714,0
Langkaan 2 ,167.2626232969948,3.0310911601678123,4.397523156860134,0
Langkaan 2 ,164.92695443205506,2.87309384011949,7.863200387247643,0
Langkaan 2 ,156.49829962080148,2.87267508415622,9.90594865959093,0
Langkaan 2 ,156.22094093967445,6.27085393250734,0.19288480042236208,0
Langkaan 2 ,166.27579684278365,5.8783744741844,0.30776930495562094,0
Langkaan 2 ,156.03603700373637,5.755240191649485,1.0000619532333932,0
Langkaan 2 ,168.2463189664328,6.0594267522902285,3.331771235962167,0
Langkaan 2 ,166.36174830265088,6.07418926697416,6.559697898868692,0
Langkaan 2 ,156.17598512446295,6.089102892071213,11.972194913767186,0
Langkaan 2 ,156.23285473958862,5.860441216714525,15.572606633842904,0
Langkaan 2 ,170.93222512956916,11.41813282105737,0.1931352085730328,0
Langkaan 2 ,160.95061397082475,12.558018443345366,0.4073371766062908,0
Langkaan 2 ,160.89146699719032,11.701071654829324,1.6149895391853974,0
Langkaan 2 ,168.0986329462973,12.211231545663058,5.229962003764789,0
Langkaan 2 ,170.2901518113569,12.247955843854452,10.692314208326339,0
Langkaan 2 ,170.9218173403128,12.132008900495382,18.105308414615585,0
Langkaan 2 ,167.13006441972075,11.775488873056378,25.481825887360003,0
Langkaan 2 ,160.98303124415392,23.450631009033756,0.4193635785586606,0
Langkaan 2 ,156.2110616821883,24.23440387848649,0.9792248956739388,0
Langkaan 2 ,167.51749472961723,24.87862952066806,3.624082378188304,0
Langkaan 2 ,163.95198927069362,25.07216094941615,9.756002726740322,0
Langkaan 2 ,161.7648187507257,23.054173930569018,19.223374695264514,0
Langkaan 2 ,169.6235764770442,23.171588670234527,29.276472878279762,0
Langkaan 2 ,156.66251896159028,25.06736702107939,44.4732880454195,0
Luzviminda 1 ,119.91150125149031,1.0236535228334793,0.09765685564866264,0
Luzviminda 1 ,114.13624373720903,1.0382993824829774,0.10395815731560196,0
Luzviminda 1 ,119.62392770392951,0.9702632634135343,0.1920695012729317,0
Luzviminda 1 ,114.67563930818204,1.0087585871109401,0.5078281351199826,0
Luzviminda 1 ,115.42581499521687,1.0201139594417474,1.3529081173969717,0
Luzviminda 1 ,115.41031496132526,1.0180111885446972,2.1271248764476107,0
Luzviminda 1 ,121.79052362539277,0.9908151690866698,3.1404980880297764,0
Luzviminda 1 ,122.95253855118509,2.8546184675073927,0.09952883360415513,0
Luzviminda 1 ,121.00042518116591,3.024877817041279,0.2089143021688205,0
Luzviminda 1 ,125.54607058169451,2.925930461753883,0.6106092026178028,0
Luzviminda 1 ,118.49844695428445,2.985076273842867,1.9603173739747104,0
Luzviminda 1 ,117.42854503538233,3.137274304525145,4.262853110963527,0
Luzviminda 1 ,124.42318953827352,2.9697105952927303,7.4018199598999495,0
Luzviminda 1 ,116.68315006223344,3.101940481999328,9.784877757447928,0
Luzviminda 1 ,125.55867047328734,5.813124363449551,0.19287735932686662,0
Luzviminda 1 ,114.1458536962778,6.103476298815018,0.28813981321039445,0
Luzviminda 1 ,125.63854592049167,6.286204172663366,0.9922943543741558,0
Luzviminda 1 ,114.51791894340691,5.761135860523762,3.294585080402428,0
Luzviminda 1 ,124.69371736437685,5.7049919653363155,6.556140816867111,0
Luzviminda 1 ,120.3324133090356,5.960149675579569,11.363778111143358,0
Luzviminda 1 ,125.9155775534316,5.75557528983082,16.22948631922773,0
Luzviminda 1 ,114.88555877682478,12.298061219611478,0.19394365963936133,0
Luzviminda 1 ,120.64625141281584,12.49745839661827,0.3839044015243597,0
Luzviminda 1 ,125.63163042742919,11.920825167250511,1.5466957725128925,0
Luzviminda 1 ,120.27717413004179,11.71045397058653,5.316103011897155,0
Luzviminda 1 ,121.55278365762315,11.921283982807932,11.250403665526049,0
Luzviminda 1 ,122.34898426781541,12.26813738142,17.93439750348627,0
Luzviminda 1 ,119.45449277721328,11.410864993896444,26.125848923949718,0
Luzviminda 1 ,121.53069696100876,24.214689574763273,0.40149102694672156,0
Luzviminda 1 ,121.0117717430772,24.27190004372971,1.0177124263482564,0
Luzviminda 1 ,124.81389612589187,24.330451792550246,3.767588326411221,0
Luzviminda 1 ,114.54535656409749,23.380852991954104,10.027446674909394,0
Luzviminda 1 ,117.37155827510676,24.513726536107505,18.653253613906262,0
Luzviminda 1 ,125.4049378089187,23.019339567196262,28.63609727512998,0
Luzviminda 1 ,124.68316540669099,23.27824880752032,42.510270159097765,0
Luzviminda 2 ,136.39249751316427,1.0377470046654482,0.10390973884690705,0
Luzviminda 2 ,138.64581658988106,1.0238723150726567,0.10069497258518577,0
Luzviminda 2 ,133.9501222068415,0.9513745554011346,0.20664782083403818,0
Luzviminda 2 ,132.72725988821554,0.97483762603698,0.5245812171480614,0
Luzviminda 2 ,136.50266814767775,0.9714406482993164,1.256270106537976,0
Luzviminda 2 ,134.99092552395692,0.9770806328036973,2.2421910806112364,0
Luzviminda 2 ,138.14608873235696,0.9747559770279887,3.052288072110007,0
Luzviminda 2 ,131.2149645264203,2.8687578887228535,0.10479955447358279,0
Luzviminda 2 ,143.49920886502647,2.987682154979046,0.209712014679056,0
Luzviminda 2 ,143.66108719937057,3.0698200424358495,0.6112007167034478,0
Luzviminda 2 ,139.71481548207052,3.032019517415231,1.948722958396439,0
Luzviminda 2 ,137.49452021891446,3.051861500579424,4.531364568777464,0
Luzviminda 2 ,134.3905283431227,2.8743447535608717,7.253306996329334,0
Luzviminda 2 ,141.2989917699852,3.135447213053036,10.48631329025506,0
Luzviminda 2 ,139.53081706398814,6.203095100305815,0.20820392248289393,0
Luzviminda 2 ,132.377852069025,6.183054191097398,0.29648500184305304,0
Luzviminda 2 ,142.62970242756563,6.19379028302506,1.0130635294983081,0
Luzviminda 2 ,141.4187602280474,6.2596263048796565,3.1776456742709844,0
Luzviminda 2 ,143.16225881209937,6.026552379668218,6.757680237391927,0
Luzviminda 2 ,140.09235726492054,5.820169210720575,11.576237649147583,0
Luzviminda 2 ,138.55378818432033,6.070070164711525,16.41940739272052,0
Luzviminda 2 ,135.87992959718147,12.291457792401527,0.20872353128333013,0
Luzviminda 2 ,142.92838022195,12.28550087202483,0.41763003436937846,0
Luzviminda 2 ,142.0150752861556,12.025738829000256,1.5479650055799894,0
Luzviminda 2 ,130.7694957804548,11.482150463200293,5.291119261324848,0
Luzviminda 2 ,130.51122755061235,11.845335526116154,11.158800271155563,0
Luzviminda 2 ,135.30754812622928,12.50491993015603,17.750164069256325,0
Luzviminda 2 ,141.25458063171112,12.10133869170891,24.611839666740597,0
Luzviminda 2 ,143.67568297161475,24.091996663813713,0.39071989067537516,0
Luzviminda 2 ,132.21071140811833,23.445248434517264,1.0412208236781526,0
Luzviminda 2 ,138.28959080032425,23.68427740779979,3.749276109711436,0
Luzviminda 2 ,135.36820473584498,24.948830613967605,10.118844114288894,0
Luzviminda 2 ,143.43782725006005,24.399511314064405,18.636160990618375,0
Luzviminda 2 ,141.6870292469592,24.6897288642056,30.67860324303561,0
Luzviminda 2 ,141.6351032545426,23.890429015362372,40.685078831806734,0
Paliparan 1 ,185.41769277218646,1.0130247219456159,0.09875321345773014,0
Paliparan 1 ,184.41564274348056,0.9748383608743207,0.10126753348542332,0
Paliparan 1 ,181.78537153791115,1.0205460830283486,0.1929219313108264,0
Paliparan 1 ,177.74858423770723,0.9927601333703338,0.5161501787223467,0
Paliparan 1 ,192.78383619834398,0.9942545514814746,1.2655540688455496,0
Paliparan 1 ,191.81995876981944,1.0149322324576882,2.2335018448200583,0
Paliparan 1 ,195.29474872312204,1.0436280621468927,2.9715591427725987,0
Paliparan 1 ,195.23744516957464,2.8692019039825865,0.10096043595477648,0
Paliparan 1 ,187.03102972420888,3.0974229712041024,0.19214901105257817,0
Paliparan 1 ,191.00316592235748,2.937714933123658,0.5710147679952964,0
Paliparan 1 ,194.27264257581317,2.983175836351913,2.0819128854760605,0
Paliparan 1 ,192.50344146659987,2.8565739986325025,4.29863720385756,0
Paliparan 1 ,181.30067469242348,2.940313823350294,7.791356137099246,0
Paliparan 1 ,185.08012091676773,3.0007893727890393,10.709337306481643,0
Paliparan 1 ,179.1023651218178,5.733705646408463,0.19422862515997824,0
Paliparan 1 ,194.44534910701225,5.994657437629899,0.29295512223550063,0
Paliparan 1 ,187.97484820078637,6.256266377315057,1.0162859787634666,0
Paliparan 1 ,180.9527561823644,5.763235930864683,3.348943563072199,0
Paliparan 1 ,189.19363272994894,6.158664436845303,7.082753756769706,0
Paliparan 1 ,188.19718527251686,5.945802632025596,11.80339311367739,0
Paliparan 1 ,183.36182655541083,6.093104228714603,16.47217645204276,0
Paliparan 1 ,178.8121712149131,11.712283917582274,0.19271491706199803,0
Paliparan 1 ,189.19126143802606,11.59139071504963,0.4190975273681605,0
Paliparan 1 ,186.37772323681057,11.592555137125471,1.674296517445758,0
Paliparan 1 ,191.06512208628288,11.484590334771774,4.928501768518377,0
Paliparan 1 ,186.37504112068308,11.622776045881492,10.681371206035386,0
Paliparan 1 ,192.55057590592486,12.197063261986761,17.472282095462315,0
Paliparan 1 ,186.96546720120543,12.45802873421221,25.137743523165568,0
Paliparan 1 ,187.13344627055818,24.75390164541879,0.4126382315766083,0
Paliparan 1 ,193.0057570094452,24.44432234369876,0.987831560716526,0
Paliparan 1 ,184.2047813115506,23.065036472186648,3.5477068778443006,0
Paliparan 1 ,179.19268324918193,23.49404987111028,9.743803269531115,0
Paliparan 1 ,177.2353577794281,23.543536500773925,20.019442168400847,0
Paliparan 1 ,190.74555295552932,23.39989667135429,30.40931015296813,0
Paliparan 1 ,188.23775765517445,24.036013583303337,42.3420072411543,0
Paliparan 2 ,165.30609224320742,1.0035553814879672,0.0966653851349727,0
Paliparan 2 ,157.35001941644435,0.985688597517111,0.10486176797283696,0
Paliparan 2 ,156.10921790450567,0.9853789158736436,0.20641698018526258,0
Paliparan 2 ,154.1356235838197,1.0328555597906082,0.48907386512254597,0
Paliparan 2 ,159.57951845266686,1.0289292848319687,1.2441089304437547,0
Paliparan 2 ,163.45666652704506,0.9807795831680746,2.102457622623063,0
Paliparan 2 ,160.25435353061567,1.041378844387326,2.8861134448516603,0
Paliparan 2 ,160.9870937367844,3.135844505100752,0.10080768583614422,0
Paliparan 2 ,168.54737085079873,2.9480227626090123,0.20857526842410987,0
Paliparan 2 ,159.54173856577748,2.9563274846379164,0.5998046056803591,0
Paliparan 2 ,162.22662972438894,3.0016902460265875,2.0685890964912392,0
Paliparan 2 ,166.59517880640652,3.132336243760102,4.376190112738316,0
Paliparan 2 ,160.32399307360458,3.1128958299426936,7.7074805770547075,0
Paliparan 2 ,163.97780454369155,2.880770388775077,10.43651019203223,0
Paliparan 2 ,167.87029208169727,5.93563844596285,0.19347927411806679,0
Paliparan 2 ,169.2822341032538,6.032022713849863,0.29583648176927435,0
Paliparan 2 ,156.2825903910504,6.001879483530924,1.0137302156538024,0
Paliparan 2 ,168.9107195276162,5.816317840762135,3.062622914618997,0
Paliparan 2 ,161.87228394788852,6.215290062700893,6.705847327678811,0
Paliparan 2 ,158.08355909044312,6.106164469798102,11.841063370211808,0
Paliparan 2 ,161.33799925105984,6.202745024911082,16.793959188871423,0
Paliparan 2 ,169.77652771962474,12.430517135219366,0.19949067125244882,0
Paliparan 2 ,161.88041312268447,12.298027024398888,0.41264227028457295,0
Paliparan 2 ,159.22577608665765,11.927052721499662,1.589130765610659,0
Paliparan 2 ,164.16109383993097,12.13265610601851,5.2511592685360515,0
Paliparan 2 ,157.79035902420674,11.592438487343692,11.004002133765919,0
Paliparan 2 ,155.12898591536035,12.208374500969889,18.903603703534365,0
Paliparan 2 ,155.9878514949525,11.615103906887137,25.495899715920658,0
Paliparan 2 ,155.9743425911159,24.465479017224375,0.40417217679285916,0
Paliparan 2 ,156.36082363489916,23.351035585809523,1.0130018680618826,0
Paliparan 2 ,156.14900019692044,23.082123120360528,3.6694316884661755,0
Paliparan 2 ,164.28217086581208,23.1966827763431,9.547868923250608,0
Paliparan 2 ,156.84645736726614,22.804781124525768,18.32369846720256,0
Paliparan 2 ,159.4998099898466,24.524975082848474,28.5690479949001,0
Paliparan 2 ,168.4279722404774,24.55776251774011,44.29499130832707,0
Paliparan 3 ,129.66150132341735,1.001493334991326,0.09736474912238695,0
Paliparan 3 ,132.17825060077337,0.9661362801055384,0.09711506749281769,0
Paliparan 3 ,125.74015832562118,0.958355433751069,0.20472070800852132,0
Paliparan 3 ,125.99975724451272,0.9519128966437287,0.4910008056543696,0
Paliparan 3 ,124.03129201146423,0.9665748176965221,1.3007858100135388,0
Paliparan 3 ,125.69615581993814,1.0390855534983148,2.1257524343654404,0
Paliparan 3 ,127.12167440741547,0.9741536841701681,3.137923716438591,0
Paliparan 3 ,125.80113629559771,2.9562813981651646,0.10351581400017237,0
Paliparan 3 ,124.65313293884172,2.8816036453444,0.20727579245930008,0
Paliparan 3 ,125.06826632430781,2.916708391424451,0.5944064249143203,0
Paliparan 3 ,129.49012398442542,3.0057673712340613,2.0524722427414344,0
Paliparan 3 ,126.1823383392753,3.032325804928696,4.243305508371503,0
Paliparan 3 ,128.23550819362498,2.923605694249863,7.179007346956794,0
Paliparan 3 ,130.04442452111314,2.8673196477675353,9.710372391229589,0
Paliparan 3 ,132.47513277218175,5.934619721476439,0.20173203474809123,0
Paliparan 3 ,124.01105781793429,5.840522022555801,0.2986618471574382,0
Paliparan 3 ,133.89233518581756,5.831732353937881,1.001801534890852,0
Paliparan 3 ,131.6627050633818,6.275917681628073,3.0423882049335105,0
Paliparan 3 ,124.56286741533533,6.069780291555435,6.747426901367049,0
Paliparan 3 ,134.8565221133881,6.034127065903258,12.057320430217016,0
Paliparan 3 ,135.47134120691356,5.949465062113993,15.908309923147897,0
Paliparan 3 ,124.29401347811323,11.914733200116173,0.20464438412624444,0
Paliparan 3 ,127.09940942591365,12.049086004605696,0.3893207585758734,0
Paliparan 3 ,133.9806166373098,12.23571576844333,1.6501027207170762,0
Paliparan 3 ,133.22737597498755,12.242575315418195,5.14509993263126,0
Paliparan 3 ,125.8987732516329,11.60603268924654,10.584731778378599,0
Paliparan 3 ,126.22154120337723,12.000135302491952,17.720831266053974,0
Paliparan 3 ,128.31613733628797,11.894349714040922,26.054358370105135,0
Paliparan 3 ,129.79879880748328,24.889264719046523,0.41319758372849774,0
Paliparan 3 ,131.53731202989385,24.315405410924104,0.9915627782029155,0
Paliparan 3 ,128.29587731440705,24.078009759398356,3.6105711587772094,0
Paliparan 3 ,129.5129513097309,23.0769471412294,10.263341490841494,0
Paliparan 3 ,133.21712219573882,24.253530934376187,19.423302437244097,0
Paliparan 3 ,123.97688163757778,23.08128937363256,29.864152632823796,0
Paliparan 3 ,126.78168027647227,23.609295781357805,42.64833383384262,0
Sabang ,56.17342272236504,0.9642841964814332,0.09704256467936397,0
Sabang ,57.173637607279595,1.019207364702437,0.10126802630064845,0
Sabang ,55.064225931636166,0.9706252113836152,0.1971748502108578,0
Sabang ,55.176624168959236,0.9891859373188026,0.5247822588337174,1
Sabang ,52.839446062368765,1.039567477761878,1.2974238569840455,2
Sabang ,54.710768017529,0.970431638339897,2.196894833361715,2
Sabang ,55.17939496550263,1.000780506395878,3.0197555362232014,2
Sabang ,53.58358776999101,2.9757814983498068,0.10416756003118748,0
Sabang ,53.7308377702216,2.855437212313719,0.20601636199719503,0
Sabang ,54.325062897075426,3.0878274340718437,0.5970678041878704,0
Sabang ,52.36039158777749,2.87071377189438,2.043739853194559,1
Sabang ,54.02143541070748,2.992276506293086,4.437943619463535,2
Sabang ,53.41296403848099,3.018203488481685,7.544237121769442,2
Sabang ,54.05123543697853,3.038527936984376,9.886162088240036,2
Sabang ,52.90869172500588,6.113178977584726,0.19927872526909782,0
Sabang ,57.147900044069424,5.851963430113629,0.2923745576106772,0
Sabang ,55.514758494547266,5.70598726599507,1.0414842149851655,0
Sabang ,55.98506275529469,6.134066197412947,3.147330180318831,1
Sabang ,56.59044181234036,6.021393959608547,7.107539529882693,2
Sabang ,54.99143209410982,6.201670621924349,11.83900524231176,2
Sabang ,52.72806158448083,6.1928330177404165,16.210471005881857,2
Sabang ,55.20408598000201,12.41199140134546,0.20085880888978658,0
Sabang ,55.47762614911483,11.982113591975448,0.38517522467866805,0
Sabang ,56.34991710801381,11.800354075004238,1.5801313950412705,0
Sabang ,54.624127504263235,12.349869843109644,4.895564517261588,1
Sabang ,52.9516916653756,11.941552935635105,11.034019908159886,2
Sabang ,53.81076748189299,11.620130635684122,18.1033110352648,2
Sabang ,54.246952630192496,12.425968823473768,26.440116339366238,2
Sabang ,55.80254482732381,24.918143704253634,0.3888188192399748,0
Sabang ,55.38928067567902,23.919143414736407,0.9664566058429335,0
Sabang ,54.208531992438154,22.98167934554349,3.6653429254565943,0
Sabang ,57.67583386836139,23.730782615800635,10.322319529386197,1
Sabang ,55.58176150646288,24.72849038271025,19.501905666673707,2
Sabang ,53.55474735454797,24.96425766851095,29.776608721628342,2
Sabang ,52.80980359941222,23.28833458199423,42.77375216485091,2
Saint Peter 1 ,73.36172945780092,0.9566973612025271,0.09584213011177099,0
Saint Peter 1 ,74.06927873572226,1.0377350453132839,0.10484575896376114,0
Saint Peter 1 ,73.42117843677262,0.9889404938978875,0.20332814609389838,0
Saint Peter 1 ,73.61790938278992,1.0041760964267563,0.4892702034231711,1
Saint Peter 1 ,74.36672328207324,1.046806581205076,1.311155091247982,2
Saint Peter 1 ,73.51763932424014,0.9566564727914223,2.1140861205351786,2
Saint Peter 1 ,79.01541722716082,1.0148318007452095,3.139751000642275,2
Saint Peter 1 ,72.80977646702848,2.87223162677246,0.09674784987883367,0
Saint Peter 1 ,76.18628656073393,2.96264067853995,0.2029606063611043,0
Saint Peter 1 ,75.31901588512143,3.0911443635580342,0.5847272677523359,0
Saint Peter 1 ,79.66607748850541,2.9800416698266905,2.0435122765297073,1
Saint Peter 1 ,73.0514956564772,3.149154706170885,4.521801401585724,2
Saint Peter 1 ,75.22370255274764,3.0177177854839807,7.680931895328132,2
Saint Peter 1 ,79.56797529289281,2.946348645790786,10.316789449460297,2
Saint Peter 1 ,78.77785415679425,5.832066795542852,0.20784938187904026,0
Saint Peter 1 ,78.40974773921452,5.910312320571697,0.2873588013296927,0
Saint Peter 1 ,74.16006148554155,5.92351996425573,0.9830914765780195,0
Saint Peter 1 ,73.4987456641645,5.741228206634377,3.1194519934818707,1
Saint Peter 1 ,77.28168847142568,5.921744519656064,7.131849494204486,2
Saint Peter 1 ,79.26325751736965,5.978543111843535,11.669479940006912,2
Saint Peter 1 ,76.43139798690586,6.1336426513432825,16.372180318784636,2
Saint Peter 1 ,76.54425643997124,12.18807538166593,0.2036945032776201,0
Saint Peter 1 ,74.32784111181816,12.250518786274984,0.38848324949909513,0
Saint Peter 1 ,78.04814629225872,11.41003641825223,1.5582396288338483,0
Saint Peter 1 ,73.62153248903718,11.661200879496644,4.988455127412047,1
Saint Peter 1 ,74.65996219667225,12.194021146079828,10.803128733302724,2
Saint Peter 1 ,75.43331693348476,11.980787241815696,17.716471619483958,2
Saint Peter 1 ,76.05783887800186,11.406376170802016,24.489303439366267,2
Saint Peter 1 ,74.04231396635461,24.730787141836373,0.41517572227228783,0
Saint Peter 1 ,73.07275986801795,24.65474297589681,1.0465609831380884,0
Saint Peter 1 ,76.84071232255641,24.11620599118455,3.6413810432016804,0
Saint Peter 1 ,74.39359220462595,22.959511981863052,9.74012181063122,1
Saint Peter 1 ,76.61741048281185,24.639636118878204,18.15854536239905,2
Saint Peter 1 ,73.37315663608393,24.200912610555275,30.561112566367783,2
Saint Peter 1 ,75.85666477409661,24.676703945179103,44.089628354846646,2
Saint Peter 2 ,70.2281260278611,1.025174699239584,0.09646608300360003,0
Saint Peter 2 ,66.86276475775699,1.0303002071957836,0.09659666349367152,0
Saint Peter 2 ,68.85622994735745,1.0018008066404624,0.20580166499942876,0
Saint Peter 2 ,67.44090273857282,0.9640324518193515,0.5058145374177072,1
Saint Peter 2 ,66.94362479330937,1.0171157473379688,1.2408318724916032,2
Saint Peter 2 ,73.42972162672962,1.012047378505197,2.2269603379017022,2
Saint Peter 2 ,68.75647691482305,1.0242253187199086,2.94267531685313,2
Saint Peter 2 ,72.16912112098244,2.9009643018152205,0.09868725155470846,0
Saint Peter 2 ,68.28248458334635,2.9084925599700866,0.2053946283659376,0
Saint Peter 2 ,71.2705190555675,3.1171228551657983,0.6186561115603566,0
Saint Peter 2 ,71.8215950192278,3.074993339535621,1.980071325367966,1
Saint Peter 2 ,70.66947118425492,3.1224685466100968,4.596747291842797,2
Saint Peter 2 ,69.80103331985111,3.0776145963491763,7.479379352053814,2
Saint Peter 2 ,69.38288639903088,3.0291465917970903,10.477272755934711,2
Saint Peter 2 ,68.94207786580097,6.092479642216724,0.1996775452912852,0
Saint Peter 2 ,73.00670400973478,6.233476754364006,0.3119259697956625,0
Saint Peter 2 ,72.3143358545141,6.047284052707164,1.0407761243650178,0
Saint Peter 2 ,73.2551883746656,6.079434794597033,3.067973378518747,1
Saint Peter 2 ,67.37008056439882,5.79388602960216,7.096815465290954,2
Saint Peter 2 ,71.61607232642551,5.984352732069661,12.184131112994091,2
Saint Peter 2 ,73.06838319774727,6.1298382671748595,16.466097142900267,2
Saint Peter 2 ,67.76863146315962,11.725131237979639,0.19401822679371045,0
Saint Peter 2 ,66.96547387156744,11.642705016629442,0.4122047683501866,0
Saint Peter 2 ,71.68784454503042,11.776592169869298,1.656021237549606,0
Saint Peter 2 ,70.52131179225938,11.6898007535914,4.992466670571616,1
Saint Peter 2 ,72.39280143730791,11.657895164443675,11.392963485414933,2
Saint Peter 2 ,67.47840663638402,11.909821011441704,17.380745466446477,2
Saint Peter 2 ,72.06687118301923,12.48940621666024,24.82439155397827,2
Saint Peter 2 ,67.91139124033421,24.016943152172924,0.40150324552206057,0
Saint Peter 2 ,67.64559160005993,23.251008913956774,1.007579247112231,0
Saint Peter 2 ,67.64986058551695,22.984732006514097,3.7537055308213345,0
Saint Peter 2 ,72.20202304161967,24.47077474833102,9.421799438022312,1
Saint Peter 2 ,71.1563805448734,23.71871703464733,19.97930053952827,2
Saint Peter 2 ,70.16145797338383,24.772394271804863,28.6528534543879,2
Saint Peter 2 ,69.01181338886451,24.382825844737848,41.17587453812893,2
Salawag ,86.1307644887488,1.0296241450541368,0.09514014517526058,0
Salawag ,82.10729439160788,0.9771946039418449,0.10066858433294096,0
Salawag ,85.62777534761409,1.0192358922461058,0.20864533767841945,0
Salawag ,82.49481974113282,0.9764061984693719,0.5082973583040232,1
Salawag ,81.97863876422673,1.043906847945029,1.3419454709024556,2
Salawag ,82.69024222105773,1.0136374281533373,2.092921864760888,2
Salawag ,81.35143635556238,0.9824511800175342,3.0126045895439177,2
Salawag ,85.05515785546288,2.930853558687682,0.09959562977505522,0
Salawag ,83.02257923776757,2.907277975521493,0.19997935888441587,0
Salawag ,80.77736536971858,3.058392287668118,0.5743327911201113,0
Salawag ,86.31646895817892,2.915614683899378,2.0368870722138617,1
Salawag ,82.03629713739765,3.028590979778247,4.4014169825378,2
Salawag ,83.3614887472461,2.9293905080776073,7.7501873816452544,2
Salawag ,86.37371852100574,3.0485906834381606,10.184996446742948,2
Salawag ,84.03117536608613,6.188963837124324,0.19298763272452865,0
Salawag ,79.82025373787943,6.166815145886792,0.30444770862233467,0
Salawag ,86.65060662599184,6.156510798558469,0.9672386362105166,0
Salawag ,84.05997684049277,5.8126334434153515,3.319166260273541,1
Salawag ,81.62971660165381,5.7530309681907115,6.876919042567084,2
Salawag ,80.00595820310612,6.119369297092431,11.395500582597206,2
Salawag ,85.44040907094346,5.921008328276611,16.73974089196993,2
Salawag ,83.99660387420666,11.918815471684017,0.20036730926670643,0
Salawag ,83.27772706340347,11.43737891135207,0.38291593807486624,0
Salawag ,86.26930843932294,11.711491739130059,1.6202932647064108,0
Salawag ,85.3953568531636,11.440411684649357,4.974131442576533,1
Salawag ,80.10890150178183,12.455022927121497,11.231025862546261,2
Salawag ,81.43729316270306,11.692076019862236,18.778436173890466,2
Salawag ,80.91245986046006,12.06880460348761,26.95709207293612,2
Salawag ,85.02475422835322,22.893550369586713,0.40007478124098017,0
Salawag ,79.12831920830696,24.40043373913358,0.9954956879727737,0
Salawag ,83.58008438443193,23.575265629809824,3.793785974015198,0
Salawag ,85.17840709164773,24.955006048698397,9.536145949778508,1
Salawag ,86.12715478512251,24.931483653441685,19.189608631344868,2
Salawag ,81.68927851434204,23.580697484068196,30.158835295592816,2
Salawag ,85.6664356287777,24.962306149657124,40.94705023440036,2
Salitran 1 ,50.9363482058626,1.0496157673498778,0.09917984085506915,0
Salitran 1 ,54.836197146192944,1.032541566412395,0.10353284798567203,0
Salitran 1 ,51.0256899103595,1.034487134775523,0.20712307243989322,0
Salitran 1 ,52.455622639969945,0.974900873610909,0.47996188324598404,1
Salitran 1 ,54.57566543863163,1.0076702398857755,1.2467937147572181,2
Salitran 1 ,51.1445623649485,0.9567255913967367,2.147793004940426,2
Salitran 1 ,51.565032394733,0.959491793682167,3.112429818766198,2
Salitran 1 ,54.17793861248325,3.149667783609987,0.096289025850735,0
Salitran 1 ,54.16619364369419,2.947991774827773,0.20439993605254894,0
Salitran 1 ,53.748082454292074,3.0744551736146537,0.5760699371767861,0
Salitran 1 ,54.02792675567563,3.091999515908045,2.024627570749565,1
Salitran 1 ,53.22643954974226,3.107406981302169,4.336669611612424,2
Salitran 1 ,51.68453501220685,3.149288489220647,7.768130042039229,2
Salitran 1 ,52.18218876557077,2.9224489455770604,9.92836425780187,2
Salitran 1 ,51.312467899047554,5.72421049611582,0.2027840365877992,0
Salitran 1 ,55.16478797506823,5.946714910796752,0.29207047603727654,0
Salitran 1 ,53.44197651226044,5.778048401897368,1.0213660283112154,0
Salitran 1 ,52.47451250884729,5.713455533497233,3.3195769710594396,1
Salitran 1 ,52.7986307593139,5.916256096284892,6.546225223406196,2
Salitran 1 ,55.37060169994262,6.170242950645142,12.232582912542695,2
Salitran 1 ,51.16276243651522,6.039708414735043,16.149720407062876,2
Salitran 1 ,53.457018109689024,11.775333587052424,0.1925422098173405,0
Salitran 1 ,53.03120999808767,12.185210406591263,0.3971016742143885,0
Salitran 1 ,53.59070744780363,11.678421816370573,1.5457376469576158,0
Salitran 1 ,50.44598397425045,11.417257735286501,5.20217742332195,1
Salitran 1 ,54.972256717404,12.317224063723712,11.182166266515566,2
Salitran 1 ,55.290226897163144,12.14849170183681,17.482549666896492,2
Salitran 1 ,53.345205873022806,12.314763149401152,25.740794771056972,2
Salitran 1 ,54.04224936654753,22.893451240050396,0.4125850022410367,0
Salitran 1 ,55.23924672023967,24.809087106793566,1.0436163041550996,0
Salitran 1 ,54.09836476186101,24.286862880087128,3.705001610694455,0
Salitran 1 ,51.158456927445584,24.152148841710336,10.345776431375294,1
Salitran 1 ,53.40432830888411,24.299073715474876,19.168165933571018,2
Salitran 1 ,53.565589745829136,24.874639792484075,29.702359864788924,2
Salitran 1 ,52.59789255790265,24.208647615741377,44.186827358920866,2
Salitran 2 ,60.39502099018586,1.0080950379888178,0.0999298271045809,0
Salitran 2 ,61.56276538713719,1.0490679157065765,0.09971902510564523,0
Salitran 2 ,61.51085422614998,1.0256730167068568,0.19980624978819658,0
Salitran 2 ,58.70995229128438,0.9942293805451136,0.5173392500934872,1
Salitran 2 ,56.71810447046045,1.0207397000032927,1.3431524004194468,2
Salitran 2 ,61.86056307387777,0.9889230471691789,2.178774398336847,2
Salitran 2 ,60.99949871003101,0.9728875462483499,2.9499899579611575,2
Salitran 2 ,56.785509819099275,3.029055563066328,0.0999192802403913,0
Salitran 2 ,61.4829671074425,3.1284546294341853,0.2014554501947422,0
Salitran 2 ,61.182388536166556,3.128741856004639,0.5843002326376798,0
Salitran 2 ,59.11114453704383,2.9525715834316473,2.0587910169431183,1
Salitran 2 ,59.53852507089508,3.0083032398665086,4.394052416922267,2
Salitran 2 ,58.40411595283377,2.9134907695709584,7.424704389057069,2
Salitran 2 ,56.373093669049986,3.1486893328496652,9.79895741282327,2
Salitran 2 ,58.027663725710816,6.288670744720761,0.19477690320807214,0
Salitran 2 ,60.78683534672827,6.089705357824468,0.3134784351526795,0
Salitran 2 ,56.07732893572716,6.182648435806484,0.9805099686819526,0
Salitran 2 ,58.01764511297775,6.12906009677022,3.0940349725974516,1
Salitran 2 ,58.39919529218657,6.055894931423681,6.773257498325395,2
Salitran 2 ,59.22063405733375,5.7320087981933385,11.572363537165094,2
Salitran 2 ,61.47714813683529,5.972858605531597,15.256254800433911,2
Salitran 2 ,58.09344136675917,12.209743562600893,0.19646290434558836,0
Salitran 2 ,58.097023891187746,12.213037936660422,0.4017643449575788,0
Salitran 2 ,60.40125736384751,11.84774714210686,1.6082739795231948,0
Salitran 2 ,58.71808585124986,12.530030383989637,5.026845049800213,1
Salitran 2 ,57.37516845534589,11.600828438684138,10.842560004315335,2
Salitran 2 ,58.71939314518289,12.000431335458673,19.047242611187276,2
Salitran 2 ,56.88105642024082,12.229060771860988,25.409478957674978,2
Salitran 2 ,57.090683220386715,24.47312593414034,0.39032907253039933,0
Salitran 2 ,58.99036985916293,24.35673349624516,0.974346704406676,0
Salitran 2 ,58.521660152076834,23.460691712284465,3.68437290670053,0
Salitran 2 ,61.44759081630179,23.174895764847893,10.156924947229776,1
Salitran 2 ,58.188124004788136,24.326256784384107,18.538437431799984,2
Salitran 2 ,59.475471266640454,24.23832507873465,30.648306973676586,2
Salitran 2 ,59.78035929872523,23.230454424694177,40.65530974570201,2
Salitran 3 ,59.9324950765065,1.0205139145570563,0.09918932977983946,0
Salitran 3 ,64.03028544370528,0.9955171991733657,0.10275865065202787,0
Salitran 3 ,60.97162659127943,1.0167760591603152,0.19677465911548864,0
Salitran 3 ,65.90474300005756,1.033736707977015,0.50318685507227,1
Salitran 3 ,60.78657518484461,0.9669728428576924,1.2616473002673685,2
Salitran 3 ,62.46213197948025,0.9519144867996837,2.253238986047758,2
Salitran 3 ,60.387702908895456,1.0279102586395787,2.865683730980628,2
Salitran 3 ,66.13030778662947,3.032909227545785,0.10352542644875501,0
Salitran 3 ,63.013828565086826,3.0598918708866365,0.19396392772843338,0
Salitran 3 ,63.600925609116274,3.101446492496593,0.6224638819024998,0
Salitran 3 ,60.27258180754709,3.0908432804473502,1.9705058482601034,1
Salitran 3 ,64.57475096351482,3.1382760440786472,4.497980772768774,2
Salitran 3 ,61.17240523650219,3.0107805236556353,7.413515099828572,2
Salitran 3 ,65.5077420234765,2.9965486897979714,10.61402990465934,2
Salitran 3 ,61.14237973503664,5.941132319934438,0.1925327425103675,0
Salitran 3 ,61.0513326401811,5.792214625706523,0.2903555936781779,0
Salitran 3 ,60.080262907443,6.043564339729214,0.9993030125158803,0
Salitran 3 ,62.824021754193,5.866207514595588,3.066220300492207,1
Salitran 3 ,63.408499139554486,6.252784507327785,6.593266525597198,2
Salitran 3 ,60.26396442839862,6.049914482566258,12.323644331010177,2
Salitran 3 ,64.73582398517857,6.055704108304866,16.76238345783662,2
Salitran 3 ,62.70571965891257,11.825909593052412,0.19752518658660845,0
Salitran 3 ,63.153658696763756,11.462387222373248,0.41693144084055744,0
Salitran 3 ,62.62680530571084,11.438092518447586,1.607171948107749,0
Salitran 3 ,62.374807283514556,11.908002172983837,4.982568657595621,1
Salitran 3 ,63.375734087241774,11.501478453716686,11.120614605977853,2
Salitran 3 ,60.82801354936349,12.128216346648166,18.48920128796624,2
Salitran 3 ,60.99614722212021,12.45716760676759,26.98327488340722,2
Salitran 3 ,65.27924941238516,24.918995559644934,0.39060189149637137,0
Salitran 3 ,65.81052741144188,24.381708984317356,1.0172059502661734,0
Salitran 3 ,62.20184869256244,23.306956395535035,3.5342487893608956,0
Salitran 3 ,61.55569144080439,24.871192395261293,9.517509578309753,1
Salitran 3 ,63.9071971224058,24.9266242447517,18.152484096156588,2
Salitran 3 ,62.42502527791801,23.2719686038871,31.51938096454114,2
Salitran 3 ,60.00993404066017,24.569822605849627,43.99070868681973,2
Salitran 4 ,62.76499188288024,0.9786519548927123,0.10286723014733541,0
Salitran 4 ,66.40381948750809,1.0302640312352929,0.1000972607528818,0
Salitran 4 ,66.03300562241598,1.0497237899903602,0.1960013416581088,0
Salitran 4 ,61.92612395127264,0.9530026005329393,0.4825632142231338,1
Salitran 4 ,63.19281905256417,1.0397365865790933,1.2720077160500403,2
Salitran 4 ,63.25198617782247,1.0122630533598658,2.172713668824411,2
Salitran 4 ,66.11730283339173,1.0473382619164822,3.076893029094088,2
Salitran 4 ,61.87811849540337,2.9895028552579284,0.10039661788903154,0
Salitran 4 ,62.42670578289973,3.104216379171412,0.19154967253110966,0
Salitran 4 ,66.94945455492574,2.868718220579483,0.5710817405375347,0
Salitran 4 ,62.910540303353166,2.950583715023489,1.9204664359068127,1
Salitran 4 ,65.99284970103719,2.870104961325363,4.360619434026847,2
Salitran 4 ,63.298188076803726,3.142602940043721,7.877060652372009,2
Salitran 4 ,62.396369052935746,3.095092172181551,10.340150530833405,2
Salitran 4 ,63.33061924149645,6.211528452747582,0.20603651799751033,0
Salitran 4 ,66.44473505706179,6.262779138860337,0.2989912378351364,0
Salitran 4 ,67.31202704269086,5.751062091671871,0.9861666083195043,0
Salitran 4 ,67.14642911968545,5.931358555508,3.0746881192693194,1
Salitran 4 ,64.33169294251995,5.742620933426402,7.0556344550866195,2
Salitran 4 ,66.0925533877092,5.826475860930017,12.134128834252927,2
Salitran 4 ,63.08239792020284,5.837619466222604,15.46898895615636,2
Salitran 4 ,63.655460246696585,11.962928653257094,0.20024521127752523,0
Salitran 4 ,67.57618282038727,11.72227460094437,0.3994949923168498,0
Salitran 4 ,61.834512502819784,11.521173728181314,1.6200146484298448,0
Salitran 4 ,62.30580545055404,11.600989306912929,5.327555315935543,1
Salitran 4 ,63.10126065844918,11.576730676262509,10.986950871521103,2
Salitran 4 ,61.92245932517983,12.567692157494758,18.273195425537086,2
Salitran 4 ,62.92933032808368,12.311151008302168,24.568205744974424,2
Salitran 4 ,65.539770146303,25.12262751664695,0.382516299040721,0
Salitran 4 ,64.48925957885123,23.85537716761898,0.9687346791326789,0
Salitran 4 ,67.55236612200034,23.468084355990374,3.527014185525947,0
Salitran 4 ,67.06338315129986,24.715903673302048,10.140919366614312,1
Salitran 4 ,63.971812786036196,23.583009403298753,19.52656088062847,2
Salitran 4 ,63.4362523173034,23.518520096892836,28.92744081576379,2
Salitran 4 ,64.21800065308723,23.358014381298794,44.13505690639585,2
Sampaloc 1 ,150.34539464347063,0.9629678978224235,0.09654786034846112,0
Sampaloc 1 ,145.54414824826085,0.9756463061016766,0.0980117558699736,0
Sampaloc 1 ,150.8498187269521,0.9855319748473887,0.1949795379832273,0
Sampaloc 1 ,147.6502336176495,1.0173994208145731,0.4936153549286524,0
Sampaloc 1 ,149.7755029946945,0.9562564842219452,1.2681062895656952,0
Sampaloc 1 ,148.04828528411622,0.9710506939665343,2.19756920381646,0
Sampaloc 1 ,145.93753981717458,1.0309023640291677,2.9722223644064054,0
Sampaloc 1 ,155.68195427373612,2.8940765770751313,0.10486569490779327,0
Sampaloc 1 ,152.92772633298043,2.9527935439567563,0.19111852700256451,0
Sampaloc 1 ,143.63768631892015,3.109397676557442,0.578530882583241,0
Sampaloc 1 ,154.4901728408789,2.896477593343033,1.9105651787817206,0
Sampaloc 1 ,148.81272485391776,2.874821050685457,4.455370125792245,0
Sampaloc 1 ,154.87882818072197,2.995361398524003,7.213654504447359,0
Sampaloc 1 ,153.467843313615,2.9407258533835607,10.543168532123644,0
Sampaloc 1 ,147.88568121659156,6.038045018690313,0.20023877261363857,0
Sampaloc 1 ,141.88479269396976,6.182282934290085,0.300810228737446,0
Sampaloc 1 ,145.5532926548357,5.782289092891646,1.0061594507712195,0
Sampaloc 1 ,149.6203497984469,6.048419450732571,3.0946603860179875,0
Sampaloc 1 ,150.98882547540958,6.003305256233919,6.594429406117851,0
Sampaloc 1 ,145.3925265129547,5.78644727160792,11.586204440990146,0
Sampaloc 1 ,143.62640550368508,6.07439909131739,16.149594265314963,0
Sampaloc 1 ,153.99046052830957,11.728368501432925,0.1942023555188043,0
Sampaloc 1 ,156.21759249248294,11.985401182252815,0.3846532690853305,0
Sampaloc 1 ,149.38278371631003,11.498726789132474,1.6752187018269493,0
Sampaloc 1 ,144.1080213591397,11.951500868656348,4.8562107255529074,0
Sampaloc 1 ,145.6073791651386,11.767756161651384,11.229940171816263,0
Sampaloc 1 ,141.82402108055726,12.386857453422426,18.72422397222654,0
Sampaloc 1 ,155.17305221775143,11.468374472396842,25.20333330786651,0
Sampaloc 1 ,143.3044911350631,23.80465745980399,0.3854250646402926,0
Sampaloc 1 ,150.1400954851624,23.90023541791545,0.9645628646705423,0
Sampaloc 1 ,145.63342278823936,24.540014583117884,3.7730496983777613,0
Sampaloc 1 ,149.80725223748533,24.178290180216507,10.041378525175313,0
Sampaloc 1 ,151.25616378644278,24.401309609266036,19.64004423782015,0
Sampaloc 1 ,153.9131528752373,24.664918285564216,31.33331847954211,0
Sampaloc 1 ,144.625676949233,24.869287136779654,43.51952984114835,0
Sampaloc 2 ,170.2468253329868,0.9813875496722471,0.09655851536551444,0
Sampaloc 2 ,172.50025277823164,1.0038022705363903,0.09743442616765412,0
Sampaloc 2 ,186.16033368908109,1.03401080784392,0.20684387461746231,0
Sampaloc 2 ,185.69263238836902,1.0489451130965057,0.48546530379171043,0
Sampaloc 2 ,180.74369452884852,1.0389519311043762,1.2444279012040826,0
Sampaloc 2 ,180.7992518017624,0.9871467262624377,2.2447216118892954,0
Sampaloc 2 ,181.95415647437798,0.9695166517218651,2.9707579066470426,0
Sampaloc 2 ,173.18914588735976,2.9968177612219766,0.10420040052545904,0
Sampaloc 2 ,186.4179738320568,3.0724924355508128,0.20300510142187325,0
Sampaloc 2 ,177.5459923955681,2.997770721225989,0.5754251386674997,0
Sampaloc 2 ,176.908179655666,2.9949542589941007,2.0895713134507323,0
Sampaloc 2 ,179.3386269245628,3.10146912632454,4.293765196001709,0
Sampaloc 2 ,170.8906908052735,2.958421133720156,7.427095430256745,0
Sampaloc 2 ,173.02647230073381,3.1079384024434935,10.100305621957212,0
Sampaloc 2 ,183.26080173403204,5.944082880571034,0.19102448592808627,0
Sampaloc 2 ,171.53209615585976,5.896939863407003,0.29989546266691813,0
Sampaloc 2 ,180.84642275944836,5.972393946719819,0.9623318491075292,0
Sampaloc 2 ,174.44174906329565,6.157468175204921,3.1683105045402726,0
Sampaloc 2 ,177.01839149135137,5.775601216718396,6.698482655834617,0
Sampaloc 2 ,175.21761788819552,5.81785152952321,12.121951298443275,0
Sampaloc 2 ,176.41654162472258,6.270866895397855,16.48507281861237,0
Sampaloc 2 ,182.92092170279798,11.610589952857628,0.19306825764778177,0
Sampaloc 2 ,175.36847870965482,12.081272781517265,0.3946620474951691,0
Sampaloc 2 ,180.18864306131445,12.095177359994326,1.5797365057650932,0
Sampaloc 2 ,178.57130219936388,11.987549354460294,4.9222193264074035,0
Sampaloc 2 ,181.9297138599914,12.173694298292183,11.225314320505799,0
Sampaloc 2 ,186.81925233391317,11.675792070957142,18.57715555757047,0
Sampaloc 2 ,183.1630405400635,12.063194721332097,24.928507145249124,0
Sampaloc 2 ,173.89743277677454,23.693215812592552,0.394668876343752,0
Sampaloc 2 ,170.608178117597,24.388001423110055,0.9605805024856514,0
Sampaloc 2 ,174.74452639296686,23.138936504095557,3.7474364409244263,0
Sampaloc 2 ,180.70189495953457,24.170105800414742,9.525158205303134,0
Sampaloc 2 ,170.9705220613681,23.244648852919976,20.028134262073596,0
Sampaloc 2 ,178.93495582490212,23.468743351476085,30.862607588212963,0
Sampaloc 2 ,180.7334869956123,23.3249035207766,42.23131860672366,0
Sampaloc 3 ,188.81748270368564,0.9682837779868817,0.10078563932279355,0
Sampaloc 3 ,197.2015143119198,1.0325710951560667,0.1041134181621641,0
Sampaloc 3 ,184.44668646016842,0.9785707567660891,0.20108198560791654,0
Sampaloc 3 ,183.84264540932753,1.042712378186445,0.4837249243198978,0
Sampaloc 3 ,196.3812241191092,1.046992652534519,1.2842314362255507,0
Sampaloc 3 ,191.91343327115902,1.0071260469937098,2.2754918703065443,0
Sampaloc 3 ,195.61732601141253,0.9643001122665726,3.0432639047968855,0
Sampaloc 3 ,190.74868490119192,2.9623644730138743,0.10150724384333801,0
Sampaloc 3 ,187.13091903819085,3.0893196790044644,0.2073364297137698,0
Sampaloc 3 ,198.12676449934463,2.960217218609121,0.6236383834477502,0
Sampaloc 3 ,197.7487848762044,2.8761051654908365,2.083958514355887,0
Sampaloc 3 ,195.738172240405,3.0170354732784563,4.221733645031389,0
Sampaloc 3 ,187.6251866348153,3.1035362554488106,7.583315131482141,0
Sampaloc 3 ,193.73242880388648,3.0887779161430506,10.445319711642684,0
Sampaloc 3 ,189.33069882124852,5.805073884078212,0.2051385369025403,0
Sampaloc 3 ,184.15837580787138,6.10365876864748,0.3032014860591001,0
Sampaloc 3 ,200.01242064887506,5.8323025580613885,0.9666787335183674,0
Sampaloc 3 ,185.02691771364405,5.830924520731303,3.295174577261333,0
Sampaloc 3 ,200.64455719335942,6.224443063983111,6.949675706790163,0
Sampaloc 3 ,190.96331084079276,5.849801371644138,11.311640210427864,0
Sampaloc 3 ,185.9545522337015,5.857948407910807,15.942095719479003,0
Sampaloc 3 ,192.80449818966449,11.400784068913559,0.1934795479904361,0
Sampaloc 3 ,199.16056004882705,12.44480284095062,0.3934990818285189,0
Sampaloc 3 ,196.45871781906357,12.351113775850962,1.5228929747529096,0
Sampaloc 3 ,197.88597403893985,12.152794722108814,5.049168232889486,0
Sampaloc 3 ,195.04864064084578,12.30031891672661,10.95436584406027,0
Sampaloc 3 ,195.69171003874277,11.58245828090939,18.417640318945296,0
Sampaloc 3 ,198.70455651005412,11.94998831350509,26.145578912843607,0
Sampaloc 3 ,187.19362577009636,23.642926529637073,0.41345165252409843,0
Sampaloc 3 ,191.7969593019483,23.02506366301684,0.971546290727573,0
Sampaloc 3 ,186.64722128293636,23.966713164515816,3.5595782743022335,0
Sampaloc 3 ,201.36322575353563,25.009775160822326,10.248021800178947,0
Sampaloc 3 ,200.52593932198297,22.89614188572167,18.44413047644496,0
Sampaloc 3 ,183.1569947782753,23.499506192385105,31.44522976417126,0
Sampaloc 3 ,195.94704331230122,23.298098246893687,44.162638239532185,0
Sampaloc 4 ,149.08105093904402,0.9738146653665696,0.100008766058896,0
Sampaloc 4 ,138.43222743532087,1.0408434551879375,0.10481421424922026,0
Sampaloc 4 ,143.9716167969026,0.996806905423429,0.1919475345821601,0
Sampaloc 4 ,148.941482655509,0.9966299412939819,0.4901532880587551,0
Sampaloc 4 ,136.33542749377693,1.0260575642455283,1.3179691739552795,0
Sampaloc 4 ,145.8231098216298,0.9654492204004925,2.1670015110640994,0
Sampaloc 4 ,140.10209080542748,0.9987265354100051,3.1285117655942374,0
Sampaloc 4 ,149.0688655938844,2.978995564236318,0.09565626088177819,0
Sampaloc 4 ,149.73613290586476,3.029073207163997,0.20098823664121931,0
Sampaloc 4 ,149.3530107943221,3.1498673109751314,0.6054519760437068,0
Sampaloc 4 ,142.63126329820173,3.080834668224614,2.0305456247554448,0
Sampaloc 4 ,148.1772099091472,2.9693597109052283,4.292493138265999,0
Sampaloc 4 ,147.9270563990515,3.098265915682214,7.4477476527774975,0
Sampaloc 4 ,140.41313676737855,2.901212508993744,10.550554140258276,0
Sampaloc 4 ,147.70349128035468,5.718278211785376,0.1938988553794032,0
Sampaloc 4 ,136.37920917643154,5.822669023478563,0.30980603541520085,0
Sampaloc 4 ,144.37665926229334,5.9042469336685555,1.0062655422902742,0
Sampaloc 4 ,139.13912637321414,6.006348454475736,3.2839000035821067,0
Sampaloc 4 ,137.5741064666151,6.06907748432472,6.945253009059161,0
Sampaloc 4 ,136.9504307832977,6.246363430328653,11.454863564554158,0
Sampaloc 4 ,145.8069294950574,6.005912405730275,16.110100378294195,0
Sampaloc 4 ,140.71021198188333,12.001530773550876,0.20735446305610186,0
Sampaloc 4 ,146.2141648328613,11.460291611787579,0.3972846494720772,0
Sampaloc 4 ,136.7845956734249,11.441893863187468,1.6746545232357308,0
Sampaloc 4 ,140.35865183097772,12.061391954299646,5.075629701051876,0
Sampaloc 4 ,143.56472548096733,11.925814335898014,10.510636343967995,0
Sampaloc 4 ,147.15734125719717,12.407016473976359,17.998771117741363,0
Sampaloc 4 ,140.4081607919286,11.592815501654215,26.887004440439657,0
Sampaloc 4 ,144.80024668304924,22.85993198908092,0.3927888339735942,0
Sampaloc 4 ,148.51948179977748,23.877693043032302,1.0368098159867063,0
Sampaloc 4 ,144.65684359100695,23.369948536205417,3.8410627522222995,0
Sampaloc 4 ,139.18132048897695,22.91907449601321,9.751684659088642,0
Sampaloc 4 ,136.1989311762585,24.53903588843431,18.30402212687671,0
Sampaloc 4 ,148.2924138967833,23.067823199897393,30.69412284329477,0
Sampaloc 4 ,136.15415257516054,24.259966800018653,41.89515751678972,0
Sampaloc 5 ,225.13102629724713,0.9781049750166889,0.10282923614257573,0
Sampaloc 5 ,217.6279358083905,0.9673496050355022,0.09942654848260433,0
Sampaloc 5 ,226.52776905772984,0.9879751522919318,0.19970533484685243,0
Sampaloc 5 ,223.48359621628853,1.0301445776222953,0.5138954703374269,0
Sampaloc 5 ,227.80517019857342,0.9892093576904573,1.2847072330380116,0
Sampaloc 5 ,213.7604463953021,1.0250769649211056,2.1874880159710415,0
Sampaloc 5 ,222.79798586980544,0.9625486296799151,2.9628571406308866,0
Sampaloc 5 ,214.87190082532055,3.081831425899524,0.0986734051527728,0
Sampaloc 5 ,216.56330096059483,2.9210799974719945,0.2005189315380292,0
Sampaloc 5 ,219.76686855183863,3.053217938966662,0.618527966670069,0
Sampaloc 5 ,225.10879337784354,3.0197344664522987,1.9723536623845133,0
Sampaloc 5 ,227.5046112816247,3.1287434151635063,4.410672077036605,0
Sampaloc 5 ,222.82153308086004,2.9661967553925943,7.678899130709164,0
Sampaloc 5 ,215.21553917303115,2.869849556650332,9.964828235229728,0
Sampaloc 5 ,215.2934469494124,5.7114932913307515,0.19555045609804786,0
Sampaloc 5 ,222.15553594447894,6.196115136583652,0.3130023938107036,0
Sampaloc 5 ,211.33146406317215,6.01484138259686,1.0223534573331088,0
Sampaloc 5 ,208.54728825495127,6.165146431100969,3.224699736391459,0
Sampaloc 5 ,213.84530082080485,5.840655360006909,6.900449637006016,0
Sampaloc 5 ,212.38308611889357,5.90705024730794,11.244573342862035,0
Sampaloc 5 ,212.57988621389498,5.718062323326791,16.188964744898716,0
Sampaloc 5 ,211.21928819778304,12.553790789488934,0.20019017746448406,0
Sampaloc 5 ,207.06342221510906,12.201441488040976,0.40182998719117746,0
Sampaloc 5 ,206.5378643837151,12.519846105311167,1.577507812292931,0
Sampaloc 5 ,227.58357585727188,11.718595688914887,4.8865516878336,0
Sampaloc 5 ,215.4326770020682,12.133756333470792,10.565739764637136,0
Sampaloc 5 ,214.4898882433651,12.214199961951165,19.02035537804706,0
Sampaloc 5 ,220.8983460344396,11.781059640309106,25.49012962394198,0
Sampaloc 5 ,210.8861093666719,24.835462164037512,0.3986673262332346,0
Sampaloc 5 ,226.7641576917199,25.073187510960594,0.9552709789853439,0
Sampaloc 5 ,223.21368681281749,24.92365228247041,3.528899504931273,0
Sampaloc 5 ,208.09021875017604,24.573760742254493,10.11500963257629,0
Sampaloc 5 ,215.21150283453295,23.46591523133989,19.172760808471324,0
Sampaloc 5 ,225.22686727409896,23.475878501053515,30.046135364617232,0
Sampaloc 5 ,226.6506848837236,25.112064769070493,41.603141744904796,0
San Agustin 1 ,100.67075526362369,0.9510284495935692,0.10244750731629923,0
San Agustin 1 ,102.14545503102815,1.0216049973242145,0.09668236579108493,0
San Agustin 1 ,97.63704285552996,1.0206246162555261,0.1937986948732204,0
San Agustin 1 ,105.96080312398347,1.0122689540949796,0.4980356085674138,1
San Agustin 1 ,98.28988418397277,1.0490108846086865,1.2722163820745525,1
San Agustin 1 ,105.47159091876478,0.9811879435763725,2.1444418558712925,1
San Agustin 1 ,102.51143115482292,0.9839971863793249,3.0435712933659995,1
San Agustin 1 ,102.08814162827647,2.8736818208839665,0.10150971745218546,0
San Agustin 1 ,101.12815396126673,2.9828394409631214,0.2064903413959986,0
San Agustin 1 ,98.27976509834936,2.9283145578704546,0.5950625140183785,0
San Agustin 1 ,97.73293312325563,2.953016010653293,1.91461701820523,1
San Agustin 1 ,98.17691071160877,3.1003715370766884,4.300413209365442,1
San Agustin 1 ,97.83302644765698,3.130645354058249,7.912404124713596,1
San Agustin 1 ,103.82380318302421,2.9057199216015555,10.298183746737356,1
San Agustin 1 ,99.48626511758397,5.923505358932079,0.20419474169602042,0
San Agustin 1 ,96.5342110332903,6.257178337269236,0.28522073488876243,0
San Agustin 1 ,105.7379365644222,5.737085076413534,1.0018205732182521,0
San Agustin 1 ,104.8762374381306,5.755416316866827,3.052009170410177,1
San Agustin 1 ,105.32029806027165,5.7976745935237375,6.847076544222184,1
San Agustin 1 ,105.99856900872899,6.057127700476125,12.29650960257057,1
San Agustin 1 ,97.70634201711682,5.790283362603598,16.749470608800653,1
San Agustin 1 ,99.95204439091685,12.56169165774088,0.2008110535077785,0
San Agustin 1 ,103.60820860461132,11.936057432710225,0.39832819221008864,0
San Agustin 1 ,102.9798082423433,12.0018215524202,1.6712027350797591,0
San Agustin 1 ,97.50434865403254,11.695990338966487,5.188541014318314,1
San Agustin 1 ,104.18991456240524,11.96515230292168,10.425740214696866,1
San Agustin 1 ,98.21684977555027,12.194296359164413,18.137620551354846,1
San Agustin 1 ,98.2105579097085,12.30141256434485,25.05678030999942,1
San Agustin 1 ,101.37344167122347,24.60928339850379,0.39879217285794727,0
San Agustin 1 ,101.9386933419012,24.18693867046581,0.9955465572006361,0
San Agustin 1 ,101.80887069916189,24.970463459985258,3.730393577041455,0
San Agustin 1 ,96.87401705771732,24.761778833534663,9.758202785445759,1
San Agustin 1 ,104.81235471256684,24.616915475276702,18.458756558460824,1
San Agustin 1 ,98.63256043014593,22.933453252033104,30.031165742639047,1
San Agustin 1 ,97.25810070495632,22.81650710932716,44.10996631615641,1
San Agustin 2 ,110.12072964661115,0.9712447277195473,0.10164012228067602,0
San Agustin 2 ,110.82990588123539,1.0163523593913453,0.09838367865925217,0
San Agustin 2 ,109.83855274301378,0.9911197488882546,0.20871046045517716,0
San Agustin 2 ,109.28087039208371,0.9902406259299312,0.5206103785624591,1
San Agustin 2 ,107.64556499477364,1.0384586888229614,1.262215291919933,1
San Agustin 2 ,106.53908812845688,1.0395562848131839,2.09867186872648,1
San Agustin 2 ,101.62205965506095,1.0409175264053585,3.0723926125052285,1
San Agustin 2 ,105.02960405854941,2.9441634229545084,0.10327610261349154,0
San Agustin 2 ,104.65049828033052,3.0573167438217785,0.2093572913190271,0
San Agustin 2 ,103.45339010785946,2.931489954382311,0.6233901836452986,0
San Agustin 2 ,108.368253205099,2.9071829499223347,2.020106953641283,1
San Agustin 2 ,105.95628279183497,2.9053897372042106,4.413223029253448,1
San Agustin 2 ,101.55908988862107,2.952632286259078,7.193519993703252,1
San Agustin 2 ,103.033941940668,2.9789872859339463,9.941589575781673,1
San Agustin 2 ,107.94254289479171,6.198569502633041,0.19919229503465855,0
San Agustin 2 ,101.50698711059718,5.771934656083627,0.303855117002507,0
San Agustin 2 ,109.72279328891695,6.140955508436937,1.005725183331841,0
San Agustin 2 ,105.94855318634812,6.018872948513583,3.277643516698141,1
San Agustin 2 ,105.79421771966247,5.872767205605595,6.650241513003188,1
San Agustin 2 ,106.97952251739089,5.995691750719695,11.876644077029919,1
San Agustin 2 ,109.44161823880658,5.879965241866214,15.341027589425268,1
San Agustin 2 ,104.38677760376325,12.115298346285968,0.19827331047166416,0
San Agustin 2 ,107.88697121712607,11.920612707426294,0.4100064333181841,0
San Agustin 2 ,106.69675881835539,11.597286634894655,1.6309441365486472,0
San Agustin 2 ,103.53049966379587,11.539899689466836,5.350227795957811,1
San Agustin 2 ,110.01347785536467,12.056034818486555,10.657901327326654,1
San Agustin 2 ,109.15271582903344,12.482895639943324,18.196704524496642,1
San Agustin 2 ,107.67958944737931,11.812749223869222,25.28646698943361,1
San Agustin 2 ,109.71616632839897,24.559200257334297,0.397624124562367,0
San Agustin 2 ,109.8933185301739,24.38078725185544,1.035695012986939,0
San Agustin 2 ,108.20864755317938,25.035731794342755,3.76815735781974,0
San Agustin 2 ,109.57234128065492,24.770354441517938,10.278616779434106,1
San Agustin 2 ,108.0931974936944,24.159852621373112,18.533706216913906,1
San Agustin 2 ,107.90949218065919,24.376873195761856,31.140830075759997,1
San Agustin 2 ,107.25728060908095,24.956127519801683,40.8201849107417,1
San Agustin 3 ,102.52716639557642,0.9899518784586935,0.10388599280437152,0
San Agustin 3 ,96.58605105293074,0.9826794705857778,0.09829073779460729,0
San Agustin 3 ,103.80870759198929,0.9510811083635197,0.19629175266828133,0
San Agustin 3 ,103.71843527745231,1.0326551074191463,0.5006044288349332,1
San Agustin 3 ,95.29247283034559,1.0300980700403364,1.35728972440402,1
San Agustin 3 ,103.25816750564763,0.9604454518100152,2.1005119002299093,1
San Agustin 3 ,96.28869867473445,1.00768573811327,2.9556692925212236,1
San Agustin 3 ,98.35118854259142,2.989194509450066,0.10356571988683336,0
San Agustin 3 ,102.43508256291608,2.8856127286527333,0.19792108954870935,0
San Agustin 3 ,96.60759896048309,3.144170468118217,0.581949413855824,0
San Agustin 3 ,103.17967024119062,2.914408766239007,1.9849588362662824,1
San Agustin 3 ,103.32134177957742,2.8701702540271685,4.349643100656335,1
San Agustin 3 ,100.07467733760836,3.028454213850573,7.863639232107361,1
San Agustin 3 ,95.06385871716833,3.0716600031399097,10.467173063257958,1
San Agustin 3 ,97.87038133174913,5.7194660676283124,0.20010231111488014,0
San Agustin 3 ,101.16926918375742,6.095230583236213,0.3146511170016471,0
San Agustin 3 ,104.81186178027423,6.019375125570873,0.9965277531275923,0
San Agustin 3 ,101.31813527016668,5.761959005325029,3.0586361058624885,1
San Agustin 3 ,97.59803581064159,5.803514326167817,6.638346538834189,1
San Agustin 3 ,101.34005703099612,6.0407845783896486,11.72456316665879,1
San Agustin 3 ,100.39985379715856,5.877814568107973,15.451044198633792,1
San Agustin 3 ,102.79845395151143,12.525978874381579,0.20895130252648086,0
San Agustin 3 ,96.06980638826958,12.382488275380862,0.41067395591271094,0
San Agustin 3 ,102.61027902502028,12.580280647816396,1.5629259520684438,0
San Agustin 3 ,100.41266578676111,11.711605006740497,5.146310312094137,1
San Agustin 3 ,104.62992003858994,12.563668359357573,11.141379581249433,1
San Agustin 3 ,98.41872166038686,11.917480643749869,19.00312765061037,1
San Agustin 3 ,101.32621893133948,11.817022554376505,26.706756935753745,1
San Agustin 3 ,104.32028105510018,22.92083886472645,0.40060768904552857,0
San Agustin 3 ,96.02509727990679,22.926636618863046,1.0274652619793017,0
San Agustin 3 ,104.37228487236452,24.46082701427197,3.7229935589162064,0
San Agustin 3 ,101.87885722300814,23.899029586641667,9.952176851145085,1
San Agustin 3 ,95.67837059105172,23.343651902486652,18.36415714042595,1
San Agustin 3 ,98.00963566946817,24.27352873518056,28.897665249364486,1
San Agustin 3 ,102.08172088645281,23.406859483800268,42.826108536145895,1
San Andres 1 ,110.02453191689088,1.0077631754344423,0.09768861544979007,0
San Andres 1 ,115.94496029202715,0.9859208746982691,0.0952103690246047,0
San Andres 1 ,113.227655154959,1.0323552226611818,0.20445678407800424,0
San Andres 1 ,116.39052845432599,1.032069616076678,0.47662432983450825,0
San Andres 1 ,109.7760333888439,0.9977350398122401,1.3123859893435272,0
San Andres 1 ,119.27267327075232,0.9850819109335016,2.2086226347080093,0
San Andres 1 ,120.44512314554007,0.9862559796559095,3.1406444071733413,0
San Andres 1 ,120.39209533578546,3.0917143577004653,0.09984213139347642,0
San Andres 1 ,117.87099606504364,2.9484538448392836,0.19127202872755597,0
San Andres 1 ,110.74599176150227,2.912717812112054,0.6031012780683876,0
San Andres 1 ,117.97002675318376,2.875406502562592,2.0682192341232204,0
San Andres 1 ,109.53274953927621,2.9900079362653225,4.618613685083834,0
San Andres 1 ,109.50442084258347,2.9946396296759525,7.497409096135249,0
San Andres 1 ,112.97151752021972,3.102272613120872,10.016704717346677,0
San Andres 1 ,114.86939668965366,5.832743217867638,0.20813306593904,0
San Andres 1 ,118.10968530478962,5.92859476420104,0.2907372638722836,0
San Andres 1 ,117.10789683097481,6.185043443336214,1.0115428915032927,0
San Andres 1 ,114.3778811233326,6.194174166449384,3.1698286157379036,0
San Andres 1 ,112.39670666223915,5.930766645587261,6.487936008169777,0
San Andres 1 ,120.71693175181368,5.975474413972009,11.619800399680724,0
San Andres 1 ,114.15108497571369,5.88197153450957,15.62436563600428,0
San Andres 1 ,114.44095077979127,12.519065854103175,0.20372182307886974,0
San Andres 1 ,111.1316739437042,11.542372518889897,0.41795161990767676,0
San Andres 1 ,118.39030981062419,12.520499307601764,1.562887549980582,0
San Andres 1 ,117.22734559648713,12.220639742202412,5.258847628967358,0
San Andres 1 ,111.78885054707075,12.037886583224077,10.415342200462867,0
San Andres 1 ,110.1973820245822,11.439190872941396,18.269380238272458,0
San Andres 1 ,117.0757419738592,11.97071543018641,24.620240038893705,0
San Andres 1 ,116.77687896423305,23.778595452006556,0.4173613196452256,0
San Andres 1 ,112.3924845604794,23.186925148740293,1.026635128055739,0
San Andres 1 ,120.18493096587972,24.375383048401577,3.7584414671456994,0
San Andres 1 ,110.98716575548035,25.130762177683884,10.220657417808418,0
San Andres 1 ,114.22185021198992,24.14925314655486,19.381762809539012,0
San Andres 1 ,120.10158308192739,24.51540786346547,31.42777108031722,0
San Andres 1 ,114.0768641446504,22.96428108615844,43.61360043738258,0
San Andres 2 ,111.52378542430495,0.9917666995816995,0.10424658609582248,0
San Andres 2 ,108.87353837759073,0.9616358485164496,0.10017131892010639,0
San Andres 2 ,107.51636722583537,1.011279583553651,0.19234128825963726,0
San Andres 2 ,115.32375412755812,1.0438482158214155,0.5014088860711509,0
San Andres 2 ,109.00267406946547,1.016177773247164,1.2514934676482021,0
San Andres 2 ,114.33509124047048,0.9576803048314422,2.220348565418809,0
San Andres 2 ,107.02950066480194,0.9854666204985083,2.994747918158299,0
San Andres 2 ,106.84415174427592,3.0151990138322553,0.10122575397832782,0
San Andres 2 ,104.84247491172962,2.9709623268399756,0.19020093962109663,0
San Andres 2 ,111.66833507913474,3.100093203142552,0.5816904294993218,0
San Andres 2 ,108.55378978096137,3.0944013014129967,1.9982660863824262,0
San Andres 2 ,114.00794074823601,3.0335493060309666,4.59822156709922,0
San Andres 2 ,109.70530897360713,2.9620373835398115,7.462124825468145,0
San Andres 2 ,115.15012770706194,2.9266009121289733,10.122859466574706,0
San Andres 2 ,106.54078067273433,5.763524590927878,0.20429392178013245,0
San Andres 2 ,114.05485484751172,5.912938610091932,0.3031137827185835,0
San Andres 2 ,113.04256538070916,5.947903510324632,0.9798926150098333,0
San Andres 2 ,112.98014029108457,6.105493755062444,3.1714612465815772,0
San Andres 2 ,113.79261550928577,6.094895894578544,6.608035863222918,0
San Andres 2 ,112.87126390037298,5.742064883784754,12.349905321773647,0
San Andres 2 ,111.38842353794557,5.937155589258695,15.409015010491775,0
San Andres 2 ,105.94369365450626,11.618134640660834,0.1974367356913284,0
San Andres 2 ,104.85778797440378,11.588175246380167,0.38103355888880047,0
San Andres 2 ,114.62932632597256,12.392762579684694,1.5554847187093674,0
San Andres 2 ,111.28315345972811,11.450298260059508,5.2430402805738785,0
San Andres 2 ,113.26191020073794,11.903019451082546,10.574281003194878,0
San Andres 2 ,109.79674586663805,11.601844386919822,17.435715392602717,0
San Andres 2 ,105.79039007858634,12.45519625881417,25.659280805150036,0
San Andres 2 ,105.87704371422805,24.136897231860083,0.3803987693893808,0
San Andres 2 ,112.04121815951868,23.355313527304435,0.9584766154426333,0
San Andres 2 ,109.2333648438941,24.005825489199303,3.813821571738301,0
San Andres 2 ,106.7057719937037,24.55556726328748,10.168758611411011,0
San Andres 2 ,109.9075400141558,25.09948322140664,19.89291514697335,0
San Andres 2 ,105.20629830782647,23.329070410189004,31.08425533860407,0
San Andres 2 ,110.90168542105839,24.92683625311043,43.482159655034025,0
San Antonio de Padua 1 ,104.52822942745554,1.043430411416749,0.09552332857300663,0
San Antonio de Padua 1 ,110.18388237681792,1.0416420544532066,0.10282848617986658,0
San Antonio de Padua 1 ,104.97087296048224,1.013541435686191,0.20691021621681122,0
San Antonio de Padua 1 ,106.52085559517528,1.0129820654434707,0.5149541072885977,0
San Antonio de Padua 1 ,101.77433977701668,0.9903210633183823,1.3011022745900434,0
San Antonio de Padua 1 ,102.42518169940178,1.0252397882303788,2.1412384045028863,0
San Antonio de Padua 1 ,105.84968105355152,1.0031294018350931,3.103598992706618,0
San Antonio de Padua 1 ,106.78534553147323,3.0532314213684884,0.1022716280974014,0
San Antonio de Padua 1 ,108.07021986487655,2.978537371154639,0.20961522348777706,0
San Antonio de Padua 1 ,104.77078959218954,3.0694489392129416,0.579341555865356,0
San Antonio de Padua 1 ,109.08630618155401,3.0973414552813647,1.945132916610411,0
San Antonio de Padua 1 ,110.85330964992448,2.893930876980845,4.273191185947861,0
San Antonio de Padua 1 ,109.99440558115884,3.0998789146722685,7.7708675245541095,0
San Antonio de Padua 1 ,102.07392143122742,3.0120889595370923,9.88064544237912,0
San Antonio de Padua 1 ,106.79142433565877,6.2067995454541345,0.19133319659646614,0
San Antonio de Padua 1 ,102.77275290907447,5.958781023804609,0.3149568241975689,0
San Antonio de Padua 1 ,104.23988166972904,5.927424291229821,0.9524817211445149,0
San Antonio de Padua 1 ,112.20728974795847,6.249036439510333,3.307278099250837,0
San Antonio de Padua 1 ,103.1747023090462,5.850701560529041,6.708449452254444,0
San Antonio de Padua 1 ,106.98810324192951,6.206527395171686,12.203106242514222,0
San Antonio de Padua 1 ,108.26426635720388,5.990412343505643,16.087392785937833,0
San Antonio de Padua 1 ,109.16637518482192,12.016914531061511,0.2080326245897272,0
San Antonio de Padua 1 ,107.63824091330999,11.77016193778738,0.4170477194565851,0
San Antonio de Padua 1 ,101.75454806738526,12.087650640742819,1.5214557090049243,0
San Antonio de Padua 1 ,105.14313599821071,11.790253435531454,4.883460209756322,0
San Antonio de Padua 1 ,107.18951458421641,11.447123297089982,10.627891015232233,0
San Antonio de Padua 1 ,102.59017154084972,11.726398326413227,18.50815405778157,0
San Antonio de Padua 1 ,105.40170816393824,11.407654852087909,26.72383022552585,0
San Antonio de Padua 1 ,102.00527326406763,25.148051488936456,0.3983976780517585,0
San Antonio de Padua 1 ,102.49078991955872,25.117793303567396,1.0106973116274265,0
San Antonio de Padua 1 ,105.89707905535708,23.74837271393353,3.5847449455343576,0
San Antonio de Padua 1 ,103.07005856826075,24.54809005041515,10.201917165542868,0
San Antonio de Padua 1 ,107.72268707639867,23.62993463618502,19.99259669268513,0
San Antonio de Padua 1 ,109.02727516976874,24.410623577006344,29.325333996609622,0
San Antonio de Padua 1 ,110.21627768046719,24.73303210331035,42.67790681333434,0
San Antonio de Padua 2 ,102.82159258899499,1.0446756244692241,0.09586116110506375,0
San Antonio de Padua 2 ,102.47531537194614,0.9900212275849672,0.10059136656462969,0
San Antonio de Padua 2 ,101.80841910754464,1.0283297982956048,0.20005566883693363,0
San Antonio de Padua 2 ,107.44616064516255,0.9765928450632119,0.4822218242077539,1
San Antonio de Padua 2 ,108.18864270076115,1.0490332303793648,1.2924686077053498,1
San Antonio de Padua 2 ,101.03481313515181,0.9525769598764351,2.163503023459044,1
San Antonio de Padua 2 ,110.62384981018312,1.010352880650112,3.0065492625915566,1
San Antonio de Padua 2 ,101.25089560670561,3.047851794495398,0.100856543354288,0
San Antonio de Padua 2 ,106.43774115419134,3.056413667122239,0.1901699115721442,0
San Antonio de Padua 2 ,108.21604150617972,2.8861162736367265,0.6156603589769734,0
San Antonio de Padua 2 ,109.9322727117085,3.131558935041939,2.0426028583723483,1
San Antonio de Padua 2 ,108.26932148060374,2.9043549837150247,4.34116600993087,1
San Antonio de Padua 2 ,109.19831768053979,3.036826020971952,7.212466631354458,1
San Antonio de Padua 2 ,104.29817204095374,2.9168028237369255,10.46003119058075,1
San Antonio de Padua 2 ,109.33714620571303,5.884329850212763,0.20910350320956267,0
San Antonio de Padua 2 ,101.54921737167756,6.027875125036875,0.2922045478806604,0
San Antonio de Padua 2 ,110.1850565542416,5.950316051138746,0.9823524613737038,0
San Antonio de Padua 2 ,106.5044791872296,5.796135360585904,3.098820124634181,1
San Antonio de Padua 2 ,109.36335636160243,5.802561841452509,6.852316563874491,1
San Antonio de Padua 2 ,105.49457381589399,5.95088687289768,11.392712845683997,1
San Antonio de Padua 2 ,107.52192356908317,6.154369786965301,15.769910309538208,1
San Antonio de Padua 2 ,106.2798682059228,12.477557576217347,0.20394026027868528,0
San Antonio de Padua 2 ,108.45484893060652,11.50095319471126,0.40240463932037396,0
San Antonio de Padua 2 ,101.56527780952425,11.87172468907128,1.5818340102924697,0
San Antonio de Padua 2 ,101.33973209029998,11.520294676467453,5.059327296921846,1
San Antonio de Padua 2 ,103.31929428050755,11.419910976759118,10.96770086205932,1
San Antonio de Padua 2 ,102.3911736091998,12.194062419172749,17.300673804754634,1
San Antonio de Padua 2 ,109.94090580587734,12.122939330359905,24.640716636596913,1
San Antonio de Padua 2 ,103.02366826599527,23.191245873155726,0.4152503227105205,0
San Antonio de Padua 2 ,111.0441717116828,23.361150799423353,0.9577878989091291,0
San Antonio de Padua 2 ,104.27109539277373,22.856898608746842,3.776517330597887,0
San Antonio de Padua 2 ,102.63044990630021,24.80387329366657,10.315837782467963,1
San Antonio de Padua 2 ,109.07080417571028,25.139257430516523,18.662005684216307,1
San Antonio de Padua 2 ,107.68230242030928,23.125102888307257,29.631215294052662,1
San Antonio de Padua 2 ,105.98087459440328,23.355540513036715,42.99429440295694,1
San Dionisio ,88.48719924825116,1.0368409523946933,0.10381708969638585,0
San Dionisio ,89.92897564879593,1.0426463797956185,0.10441905587260421,0
San Dionisio ,85.61040172371543,0.991962738280681,0.20479126496222538,0
San Dionisio ,92.36773846129933,0.9550622472269075,0.4793309880427347,1
San Dionisio ,92.1781798268917,0.953939183369282,1.3219900402195306,1
San Dionisio ,89.32286603985304,1.007394986606901,2.180266818811986,1
San Dionisio ,85.35597356817648,0.9892895108893179,2.9912102998473187,1
San Dionisio ,89.58600853339536,2.858595728273296,0.09549148390345177,0
San Dionisio ,84.23534599901674,3.024975717693767,0.19382124278692717,0
San Dionisio ,83.86974201941109,2.8533907609767066,0.6174308164520188,0
San Dionisio ,85.86760941889868,3.0862115874447817,1.990791766609572,1
San Dionisio ,87.67108201930598,2.9419298468110116,4.312731386317706,1
San Dionisio ,91.24079804759376,2.86207740090277,7.462434400843543,1
San Dionisio ,89.9990878139435,3.026505666294946,10.561487503592193,1
San Dionisio ,90.13581738655984,5.938610648659833,0.20497998034809914,0
San Dionisio ,87.34434134314306,6.28428024801429,0.29316946191543247,0
San Dionisio ,86.64422793441328,6.026519197502221,0.9617501840212374,0
San Dionisio ,86.8651411142645,5.865143508622205,3.120639430926103,1
San Dionisio ,92.29131616087732,6.125663318780385,7.0861143867172185,1
San Dionisio ,83.95296088442984,5.862895201525626,11.896274828662712,1
San Dionisio ,91.22987716587755,6.242545974844539,16.053568333991652,1
San Dionisio ,88.69234359543707,11.849666364608852,0.20192787199384923,0
San Dionisio ,87.4598156888684,12.059842275331446,0.3946411306298606,0
San Dionisio ,89.9822674116532,11.460687724589075,1.649137123251122,0
San Dionisio ,87.88268668453739,11.911345485542677,5.111875987143127,1
San Dionisio ,91.28612449511861,12.398836247593193,10.482255214017988,1
San Dionisio ,91.52617640329908,12.366778566436011,17.524898527188896,1
San Dionisio ,87.3111441564864,11.669182270624232,25.819820154377986,1
San Dionisio ,86.03608461566846,23.34258977042535,0.4174628087228336,0
San Dionisio ,88.81268289162159,24.76153274931177,0.9808352121676198,0
San Dionisio ,91.62879744142688,25.032956208406382,3.836730232477911,0
San Dionisio ,85.45382726324986,23.02886621105521,10.161454630713092,1
San Dionisio ,89.08210593535865,23.88014073462294,18.618321765952192,1
San Dionisio ,89.15772993681418,23.60989026951415,28.62809492644536,1
San Dionisio ,90.05139459725447,24.889652293097853,40.99988782215798,1
San Esteban ,88.61042270317078,0.9583524914680018,0.1022849393384744,0
San Esteban ,93.98558967507522,0.9711125942558038,0.09699669738040648,0
San Esteban ,95.7630991901239,1.0252468337586493,0.19742541841010788,0
San Esteban ,89.05308460160623,0.9551293848981216,0.5000849583003213,1
San Esteban ,89.58539858929967,0.9992535380714289,1.3293108618985212,1
San Esteban ,96.33683486518308,0.994210703467972,2.1149108691170078,1
San Esteban ,89.06498796492731,0.9834401178988749,2.9719099215832383,1
San Esteban ,95.26034285900013,2.9683716945956773,0.09985072909142696,0
San Esteban ,91.92895627932192,3.00898217607907,0.2008165412794308,0
San Esteban ,89.67452588450922,2.898410207516515,0.619101638483713,0
San Esteban ,95.41089909170711,3.021598763485078,1.9343356390086435,1
San Esteban ,91.49680834602452,3.091629698789996,4.535445838803714,1
San Esteban ,92.13631965615315,3.0780482789370476,7.695623212910972,1
San Esteban ,90.70494699847785,2.896169971408132,10.256988230482937,1
San Esteban ,92.85514783320133,5.789549681844885,0.20399055740805144,0
San Esteban ,88.9044196277822,5.860904620646948,0.2973605321685497,0
San Esteban ,90.9979501371962,5.916644835804623,0.9638397585968125,0
San Esteban ,96.31859336548465,5.9450733488450895,3.2530448768849176,1
San Esteban ,89.77482758085037,6.107818330100007,6.816777168546223,1
San Esteban ,93.44197731377989,5.734008259299501,11.964462264640476,1
San Esteban ,90.3917485908672,5.72080362253564,15.740798049645583,1
San Esteban ,94.51595275631672,11.87029267553269,0.20813733154679673,0
San Esteban ,88.60403767860882,12.236596430565577,0.4034947947430231,0
San Esteban ,96.32235361472262,11.63212241154778,1.5336643974865398,0
San Esteban ,91.57486378072949,12.169805377507503,5.074400035259258,1
San Esteban ,89.57166426278746,11.711793765528359,11.179428099670561,1
San Esteban ,88.07617007543611,12.46330333057622,18.735324902352737,1
San Esteban ,88.96177272680538,12.47482793311994,25.71110091823477,1
San Esteban ,92.18192032671536,23.513489290275185,0.41578990283325207,0
San Esteban ,90.50042922316783,23.35198500951178,0.9767668437194298,0
San Esteban ,95.02572696612,23.787129532958954,3.666921517978159,0
San Esteban ,91.36416521768861,23.377275804432358,10.294610941463281,1
San Esteban ,89.6881713078062,24.41372122390009,19.856850328460716,1
San Esteban ,93.07773387675708,24.782555242915887,30.57750973201169,1
San Esteban ,93.9023503953461,24.41542111418692,44.232846936211885,1
San Francisco 1 ,109.23757355928073,1.0324350447249349,0.09588773266956233,0
San Francisco 1 ,109.24409714405799,0.9896992162207474,0.10364994976207777,0
San Francisco 1 ,107.76438712434904,0.965631697070886,0.19641239813100456,0
San Francisco 1 ,115.67134277024174,1.0237950947397592,0.4839165756214108,0
San Francisco 1 ,114.85099116212639,0.9860474505141554,1.2661180787244661,0
San Francisco 1 ,112.7133288959729,1.0171270825229133,2.1819530717630555,0
San Francisco 1 ,116.88912607335193,0.9770643941981766,2.9253576013813403,0
San Francisco 1 ,116.4540727283356,2.874368890442002,0.098205675860165,0
San Francisco 1 ,113.96450431768329,3.147774538646329,0.19269956972143285,0
San Francisco 1 ,117.16146546979982,2.8968604523791797,0.5877706059335399,0
San Francisco 1 ,109.67600567341547,3.1465262981890443,2.0144567629084,0
San Francisco 1 ,108.61469169919432,3.143183979769934,4.374415631560068,0
San Francisco 1 ,110.39817061014199,3.088145431172412,7.434272664733113,0
San Francisco 1 ,107.99508147380925,3.0478268886245994,10.451381171434255,0
San Francisco 1 ,113.35221566641167,6.0466842301506505,0.20787019942786636,0
San Francisco 1 ,117.93364432293306,6.219660927226701,0.3077036766870719,0
San Francisco 1 ,107.79458200955416,5.873663712971693,0.9832000702117679,0
San Francisco 1 ,108.7298420283133,5.980608727490926,3.2782214937080174,0
San Francisco 1 ,112.45984901960281,6.071633981619901,6.5633465240823545,0
San Francisco 1 ,117.90278769806532,5.946714285521694,11.363775225947723,0
San Francisco 1 ,110.92256398623728,5.956491872454161,15.753003259257854,0
San Francisco 1 ,113.08175333817883,11.796341601002501,0.20615404738088117,0
San Francisco 1 ,107.81977330726943,12.077078180021443,0.3898539298896921,0
San Francisco 1 ,109.0262781708716,12.42068943361814,1.5301205454237887,0
San Francisco 1 ,118.49892038943497,11.641834053607575,4.91217186295524,0
San Francisco 1 ,118.25584126972731,12.52131964650413,11.291032015697242,0
San Francisco 1 ,107.40582178455882,12.226905184497875,18.44348557824006,0
San Francisco 1 ,118.1054731752826,12.387927855216036,25.090109992769268,0
San Francisco 1 ,114.57205529731516,24.13485766231203,0.4022118330131273,0
San Francisco 1 ,117.15747672807625,24.67084008341775,1.002757962242535,0
San Francisco 1 ,112.4885603686626,22.838880953614723,3.757511312023045,0
San Francisco 1 ,113.17623512294553,24.764113019470884,9.6358556788774,0
San Francisco 1 ,112.8739663569032,22.89633326180488,19.7960097055413,0
San Francisco 1 ,114.88556611027099,24.93579210327087,29.4477244233642,0
San Francisco 1 ,108.92805917874634,25.180710593372744,43.528942162478536,0
San Francisco 2 ,105.78270684758672,0.9794067462176778,0.09516124646372215,0
San Francisco 2 ,108.86802235166222,0.9710318556285794,0.09872657129894148,0
San Francisco 2 ,113.27195646637678,1.026536336385804,0.19703419635917618,0
San Francisco 2 ,107.69057331856473,0.9753026340920253,0.5021742214291507,0
San Francisco 2 ,112.92510000990659,1.0365562383172204,1.2444557140310355,0
San Francisco 2 ,116.2160237117907,0.9602842592157477,2.263828902219744,0
San Francisco 2 ,106.49229794526255,0.9625955196379359,2.9153342405302705,0
San Francisco 2 ,112.9158835122989,3.1437454665301847,0.1017703781488201,0
San Francisco 2 ,110.37562743428074,3.0521516694810016,0.20606424246488186,0
San Francisco 2 ,115.08637902359031,3.104066167328686,0.6037126173744908,0
San Francisco 2 ,107.41636266286598,2.9472988132054554,2.048176641344397,0
San Francisco 2 ,113.13814806971043,3.052945124856181,4.471218537374603,0
San Francisco 2 ,114.75307971509403,3.028272548192579,7.440924996849765,0
San Francisco 2 ,115.93521783616166,3.030945036036884,10.515035709814235,0
San Francisco 2 ,113.03405311401507,6.1095194757226325,0.19589402739771056,0
San Francisco 2 ,110.96863988049354,6.0452155038774595,0.3021363875325455,0
San Francisco 2 ,112.30810436623348,5.9574374215815995,1.024539773914154,0
San Francisco 2 ,115.09484532771377,5.865553616628328,3.1612658911400024,0
San Francisco 2 ,111.78376818769101,6.161148798547921,6.665881973179848,0
San Francisco 2 ,105.78729636263489,5.835763458001912,11.752028292003931,0
San Francisco 2 ,115.78353052012746,6.115412583692649,16.508741590958646,0
San Francisco 2 ,113.10374693645034,11.679999387179192,0.2085984352629133,0
San Francisco 2 ,112.95929858212743,12.150396203945345,0.40180333651439565,0
San Francisco 2 ,107.84399419161466,12.296493920554834,1.6258345928517843,0
San Francisco 2 ,112.7636287195825,11.662456666687847,5.305669547341846,0
San Francisco 2 ,109.82189490276116,11.47193196103357,10.462416068040108,0
San Francisco 2 ,112.67868604516056,11.557168491593009,17.71238301171642,0
San Francisco 2 ,106.6331826364187,12.12719636072523,26.262395266082198,0
San Francisco 2 ,112.7520828810937,24.838671374941764,0.412949778476492,0
San Francisco 2 ,116.5434923560544,22.90799237096502,1.0357029028330578,0
San Francisco 2 ,105.98515363135218,24.561963021699952,3.668589655436325,0
San Francisco 2 ,116.29663344485662,23.619164750280124,9.493446503268949,0
San Francisco 2 ,109.96667836402386,23.948468087806855,18.981162621642277,0
San Francisco 2 ,115.11536329874357,25.029262919629357,29.211665239801576,0
San Francisco 2 ,114.13447887304683,23.596731611366028,41.80840886283559,0
San Isidro Labrador 1 ,74.49592033130133,0.9965336933939486,0.10272267556837507,0
San Isidro Labrador 1 ,75.76452414845981,0.9513682414760681,0.09575527086025887,0
San Isidro Labrador 1 ,76.80101515362998,0.9581598720004838,0.20655162434961405,0
San Isidro Labrador 1 ,73.29063838021764,0.9758591591134784,0.49638345429120845,1
San Isidro Labrador 1 ,72.72004539556796,0.9527852240821074,1.3124883110430774,2
San Isidro Labrador 1 ,75.24019105317052,1.013137532604825,2.1097234908718496,2
San Isidro Labrador 1 ,76.27805997036532,0.9926398356801622,2.951207723507184,2
San Isidro Labrador 1 ,75.94090999734695,3.014443560818407,0.09589700919014846,0
San Isidro Labrador 1 ,76.20382100155389,2.902394155768899,0.2092308744576222,0
San Isidro Labrador 1 ,73.5233165296157,2.938779608830985,0.618435698959575,0
San Isidro Labrador 1 ,76.35197319969517,3.0491473424558175,1.991926550871292,1
San Isidro Labrador 1 ,71.1895470097425,3.13959081708912,4.278385121262415,2
San Isidro Labrador 1 ,74.32921932491028,2.865125032080663,7.877258604463639,2
San Isidro Labrador 1 ,70.3426140876861,3.11711529625658,10.04148852764151,2
San Isidro Labrador 1 ,72.701935141262,6.046128720786725,0.1932196886337475,0
San Isidro Labrador 1 ,73.01181535804834,6.038351740053375,0.30189493165361864,0
San Isidro Labrador 1 ,73.23167791790848,6.000167121124656,1.0443774120344815,0
San Isidro Labrador 1 ,75.44645732950498,5.74163645154251,3.0412256929601034,1
San Isidro Labrador 1 ,73.17532994940056,5.753926111041697,6.621924893412719,2
San Isidro Labrador 1 ,73.62033280740673,6.060547203395451,12.317368215684281,2
San Isidro Labrador 1 ,72.05782656847002,5.904575142861335,15.47373754697146,2
San Isidro Labrador 1 ,73.06206325805712,12.500721679893218,0.1922648690327964,0
San Isidro Labrador 1 ,71.98179524174732,11.887908644831366,0.4028074886319922,0
San Isidro Labrador 1 ,70.84164983588649,11.571937750443169,1.657895011727173,0
San Isidro Labrador 1 ,74.7655195910222,12.257662600202444,5.088326007023902,1
San Isidro Labrador 1 ,75.24477470930712,11.752024105729213,11.439075039786132,2
San Isidro Labrador 1 ,74.88422856047114,12.030564368827072,18.526092493159148,2
San Isidro Labrador 1 ,73.72985592412424,12.237399342606205,24.62930769879888,2
San Isidro Labrador 1 ,73.1104147733263,24.96063386688497,0.419713285267279,0
San Isidro Labrador 1 ,76.6886690068315,24.70125886752402,0.990789423678019,0
San Isidro Labrador 1 ,74.14120521000801,24.423266562894536,3.621338937522829,0
San Isidro Labrador 1 ,73.84594589446002,24.431119637748345,9.957300391742107,1
San Isidro Labrador 1 ,70.48975128696762,25.070219145677008,18.726227500377853,2
San Isidro Labrador 1 ,72.82523392443356,23.509977833991687,28.778545436374696,2
San Isidro Labrador 1 ,73.11344757901534,22.80266902607085,40.57109902494809,2
San Isidro Labrador 2 ,71.27152402245768,0.9771954559398198,0.09949583352920263,0
San Isidro Labrador 2 ,72.5772410584368,0.9717891379626744,0.10336863422226593,0
San Isidro Labrador 2 ,72.24193833643352,1.0161834585113998,0.20144630371260155,0
San Isidro Labrador 2 ,72.7769166681128,1.013371159976553,0.524960364947172,1
San Isidro Labrador 2 ,73.90715948310333,1.0093461382704725,1.2722900639341361,2
San Isidro Labrador 2 ,74.25349731875588,0.9516243443209453,2.1517001142472125,2
San Isidro Labrador 2 ,73.57048614883075,1.0228778054450647,2.897924838070183,2
San Isidro Labrador 2 ,75.27977061087553,2.9470591237456474,0.09664063588265336,0
San Isidro Labrador 2 ,68.5312745952698,3.0495167967019894,0.19570373192020096,0
San Isidro Labrador 2 ,69.80960149692153,3.016973528550646,0.6175704027164116,0
San Isidro Labrador 2 ,68.45445269984262,2.952819277628372,2.08115135812729,1
San Isidro Labrador 2 ,73.06181794191315,2.8903728801312325,4.60903835467138,2
San Isidro Labrador 2 ,74.8658199524399,2.8783256692981443,7.347878688842822,2
San Isidro Labrador 2 ,70.15307253534935,3.099455499933667,10.588923496526373,2
San Isidro Labrador 2 ,75.07464872253341,6.251038525248934,0.19656510178554676,0
San Isidro Labrador 2 ,68.83392521008484,6.08987282805858,0.2883852163355065,0
San Isidro Labrador 2 ,75.1279393929997,5.76206046891629,1.0370024925520165,0
San Isidro Labrador 2 ,70.93168334812536,5.941216330132945,3.243553803085958,1
San Isidro Labrador 2 ,69.13022996483436,6.1373635200630945,6.572017009335122,2
San Isidro Labrador 2 ,71.89827666614154,6.167892530406041,11.717200883865344,2
San Isidro Labrador 2 ,70.24879128758765,5.770931173374653,15.659612311803308,2
San Isidro Labrador 2 ,70.45108489412584,11.400036862614458,0.20473589137420395,0
San Isidro Labrador 2 ,70.61248774746926,12.254564455056727,0.3981366492249707,0
San Isidro Labrador 2 ,74.18178646439517,11.827915411183447,1.6782847912170218,0
San Isidro Labrador 2 ,72.28196119206183,11.705377597941911,4.872919940952393,1
San Isidro Labrador 2 ,70.64141543392323,11.41547696374743,10.74196664008851,2
San Isidro Labrador 2 ,72.79440323983862,12.048359288113799,18.16705830414016,2
San Isidro Labrador 2 ,73.556284854407,12.421380882511178,25.733061069590054,2
San Isidro Labrador 2 ,70.36289280528145,25.09831595105421,0.3926374328954255,0
San Isidro Labrador 2 ,71.37755353098252,24.157787881471894,1.0229240249097569,0
San Isidro Labrador 2 ,69.27757987202602,24.034707186575744,3.8386564171909208,0
San Isidro Labrador 2 ,69.7042753166497,23.00413532517418,10.334332108958085,1
San Isidro Labrador 2 ,73.30404854854788,24.11729472370224,19.682728349687096,2
San Isidro Labrador 2 ,69.70635610340851,23.711949789516947,31.07244175231441,2
San Isidro Labrador 2 ,72.18117636240284,24.257124674120586,42.915828433647384,2
San Jose ,74.52603771057376,0.9888726347876546,0.10325888226426816,0
San Jose ,70.13020153859163,0.9740299123450367,0.09803503909147952,0
San Jose ,73.49137920329099,0.9594965275228377,0.1979695752421843,0
San Jose ,71.22290832101996,0.9814918444588896,0.4908456506909272,1
San Jose ,76.37936618923433,0.9596644834287752,1.2957603536082303,2
San Jose ,72.87988322105545,0.9676896950823984,2.1528275155725,2
San Jose ,75.23374561335865,1.0487336158579545,3.1384834326763342,2
San Jose ,73.3666537577407,2.9832310670719857,0.09812844628005668,0
San Jose ,69.66691148984017,3.009561529951505,0.1919608907622188,0
San Jose ,73.97200504183637,3.1120855586211644,0.6016090299630248,0
San Jose ,76.2952443981086,3.1486706701472063,1.9114198156890352,1
San Jose ,73.74176628706822,3.0248143348034047,4.2286389931757755,2
San Jose ,75.33007867381556,3.0937421463132515,7.338138988843165,2
San Jose ,75.80470718244338,2.9480823073010027,10.163637254879784,2
San Jose ,71.0149823352272,5.883446374468375,0.19866501864618058,0
San Jose ,70.89792733133005,5.941622232596736,0.30899075586008373,0
San Jose ,73.81016121861224,6.10350435760419,1.0239474653884113,0
San Jose ,72.35050782958895,6.10931501355306,3.1764218540770246,1
San Jose ,75.48098751092706,5.889143660789671,6.686918861151428,2
San Jose ,75.92016880080548,5.779925954481977,11.583433165192568,2
San Jose ,71.92997606890984,6.079437753879305,16.438392139670416,2
San Jose ,71.07915508051371,11.553991034626517,0.19104144812442542,0
San Jose ,75.0478362612802,12.094191009875196,0.3805128659804243,0
San Jose ,71.3560840595014,12.23210655366757,1.6472871027082638,0
San Jose ,75.35508452514985,12.240733795673343,5.088344651754415,1
San Jose ,72.44328925163597,12.304166532791516,10.497660441023399,2
San Jose ,74.22311426482773,12.447431305878798,17.71873000096199,2
San Jose ,70.04740779099308,11.999950790357746,26.837616419343018,2
San Jose ,73.90417307013898,24.55259805487097,0.41438011902499594,0
San Jose ,72.64790405478178,24.28601456487801,1.0209785050223972,0
San Jose ,73.63224178118097,23.247935855514438,3.693423335224811,0
San Jose ,70.5765037165375,22.86165514768658,9.920120389929473,1
San Jose ,74.72917833809252,23.48289932562464,20.007717062392363,2
San Jose ,75.64841866606557,23.863280895210288,31.41824287254063,2
San Jose ,70.93220054066266,24.281054266628775,41.484198825505516,2
San Juan ,75.80614498860928,1.0349959330503204,0.10311104566305318,0
San Juan ,75.23674482976605,0.9696245716706166,0.09697242666167018,0
San Juan ,80.1215748535018,0.9625549789898478,0.19427074955767903,0
San Juan ,79.84604288510137,1.0463479947474328,0.5088046517082289,1
San Juan ,79.36890956044115,0.9608044559376407,1.2876501428163813,2
San Juan ,76.8823820593162,0.9978491070107189,2.2949397695634346,2
San Juan ,78.13815736765356,1.00855637287933,2.876702920468803,2
San Juan ,79.74636304797076,3.0124123262722313,0.10011525640809493,0
San Juan ,78.97445818498744,2.875809647109883,0.20837043060886243,0
San Juan ,82.8535056096976,2.8671080742010857,0.6242468196287703,0
San Juan ,76.1278740451982,2.8816450282383106,1.9313058426831482,1
San Juan ,80.541641976976,3.0256763051617837,4.341320588042441,2
San Juan ,78.24411826802391,3.013303466290296,7.639936657035255,2
San Juan ,78.43277695791235,2.9201222376110234,9.852582782466829,2
San Juan ,80.7190223486996,6.082664485107355,0.20936044344091478,0
San Juan ,80.52024559546253,6.1920405012333894,0.3124424798618298,0
San Juan ,82.88092235024729,5.7249473759079565,0.9666950179034469,0
San Juan ,76.06431488668758,5.998877966128825,3.0787697476035154,1
San Juan ,75.87246623013492,6.1135862472616145,6.51807776830962,2
San Juan ,80.77227665531706,5.851387156241812,12.283143523563226,2
San Juan ,79.61925664435063,5.88466254317589,15.509798095672737,2
San Juan ,77.21586926582246,12.13636548358726,0.1983256985708871,0
San Juan ,75.67741301501299,12.477522352132484,0.39795405462608013,0
San Juan ,75.7267001718118,12.371909304363479,1.615841767074171,0
San Juan ,82.11410790984654,12.0997562629195,4.881585025311186,1
San Juan ,76.56575186527807,12.276266061308698,10.602166892966563,2
San Juan ,77.60463534071262,11.837786964249359,18.985312504192446,2
San Juan ,76.8405855775932,12.16915863371851,26.775635000948398,2
San Juan ,77.85447081607231,23.918835818706135,0.4112516258962277,0
San Juan ,75.59844835769414,23.255846727498145,0.9519401245618215,0
San Juan ,79.15057234817533,24.484171857305416,3.635992504343558,0
San Juan ,75.58413925237849,24.135515129637174,10.02667914798948,1
San Juan ,81.37281641179666,23.66069179668862,18.67061330448734,2
San Juan ,76.89632544709242,24.987214056188712,31.24957925855144,2
San Juan ,79.31609412537563,22.85024188278416,43.27170800202453,2
San Lorenzo Ruiz 1 ,129.75098859451822,0.9815773151249496,0.09571906717316446,0
San Lorenzo Ruiz 1 ,126.88596711308993,0.9556881397777647,0.10409005588835704,0
San Lorenzo Ruiz 1 ,125.41197233189169,1.0266527316221628,0.20915533316352447,0
San Lorenzo Ruiz 1 ,122.8041719139422,1.0202107454113793,0.47888562091958625,0
San Lorenzo Ruiz 1 ,122.91252391322747,0.9831352218736317,1.304206830531971,0
San Lorenzo Ruiz 1 ,127.11858693997738,1.0175662902207072,2.1567401420871177,0
San Lorenzo Ruiz 1 ,131.1767420152646,0.989593722619595,2.967851722944421,0
San Lorenzo Ruiz 1 ,127.02298987311723,3.0768761374267304,0.09679651217955343,0
San Lorenzo Ruiz 1 ,125.72229271712531,2.9862550988210117,0.20156144204024826,0
San Lorenzo Ruiz 1 ,127.88313137799058,2.9736839183495,0.6274787611949334,0
San Lorenzo Ruiz 1 ,124.56507015354647,3.1304189746464903,2.000614520054322,0
San Lorenzo Ruiz 1 ,119.50177928250982,2.92526372996721,4.216482415813572,0
San Lorenzo Ruiz 1 ,125.77871019847387,2.8861342019989698,7.6406010067754435,0
San Lorenzo Ruiz 1 ,130.72031605631724,3.0253629339778376,10.037027454340281,0
San Lorenzo Ruiz 1 ,120.94128677947074,6.281593087370507,0.20711850379182598,0
San Lorenzo Ruiz 1 ,127.37506113525832,5.926703528236312,0.2980403444494941,0
San Lorenzo Ruiz 1 ,121.2616711082382,5.737222058177269,0.9692839608942245,0
San Lorenzo Ruiz 1 ,125.44784605591352,5.9035831603857405,3.1011537992611666,0
San Lorenzo Ruiz 1 ,119.95845562058399,6.003558992591735,6.982759642890389,0
San Lorenzo Ruiz 1 ,124.37963670322732,5.797153803979328,11.523393366002685,0
San Lorenzo Ruiz 1 ,128.20204161119057,6.094861330833895,16.427573430654757,0
San Lorenzo Ruiz 1 ,123.09464405298728,12.597299266812241,0.194117746215332,0
San Lorenzo Ruiz 1 ,127.06139655609023,11.942087371177733,0.3928674547480524,0
San Lorenzo Ruiz 1 ,128.6931245098716,11.825674268076256,1.594477915590352,0
San Lorenzo Ruiz 1 ,130.33972274349316,11.88084500020136,5.32602988334366,0
San Lorenzo Ruiz 1 ,121.68302602319316,11.53817541407424,11.37058725298167,0
San Lorenzo Ruiz 1 ,123.74144894761635,12.459928321711468,17.666506813268562,0
San Lorenzo Ruiz 1 ,120.65520016663022,11.897790786625622,25.360268483597807,0
San Lorenzo Ruiz 1 ,131.1560437769797,23.729458587419618,0.38597597553815094,0
San Lorenzo Ruiz 1 ,130.3375120990537,24.38325665503314,1.0009985079313497,0
San Lorenzo Ruiz 1 ,125.499464128507,23.860880210234697,3.685415543757027,0
San Lorenzo Ruiz 1 ,129.27541617970527,24.35576032513883,10.296752560826226,0
San Lorenzo Ruiz 1 ,125.26197471590052,22.94747109631389,19.92131027158095,0
San Lorenzo Ruiz 1 ,126.5448211000345,24.752936024933344,29.67046930780389,0
San Lorenzo Ruiz 1 ,119.8640554014502,25.057209486910565,42.66472101669109,0
San Lorenzo Ruiz 2 ,127.16535321416042,1.0148765386159386,0.10396236249146133,0
San Lorenzo Ruiz 2 ,119.38364719707691,1.045456592885881,0.10306707807745062,0
San Lorenzo Ruiz 2 ,128.04323861513134,0.9651432314369963,0.19007312622689299,0
San Lorenzo Ruiz 2 ,127.49714828711278,0.9977416189480354,0.49100297820917915,0
San Lorenzo Ruiz 2 ,126.5884342520129,1.0101806733945446,1.2898306514516964,0
San Lorenzo Ruiz 2 ,118.24838871850704,1.0081736647421187,2.1405375824103112,0
San Lorenzo Ruiz 2 ,121.55879161372208,0.9901461779089044,2.9098714847687814,0
San Lorenzo Ruiz 2 ,121.06259586689445,2.9514253228098783,0.0953778450659568,0
San Lorenzo Ruiz 2 ,122.26569145264683,2.8880472067651257,0.2028673945013952,0
San Lorenzo Ruiz 2 ,118.8867700598716,2.9675227351686835,0.5857506174289899,0
San Lorenzo Ruiz 2 ,129.41827700558517,2.8987982445316454,1.9104694356862626,0
San Lorenzo Ruiz 2 ,124.66714778483346,3.0703097029476654,4.281630896632349,0
San Lorenzo Ruiz 2 ,121.58850145215949,2.912649280648377,7.7779450343912755,0
San Lorenzo Ruiz 2 ,122.72257081172111,2.8675695915853603,10.558518965279477,0
San Lorenzo Ruiz 2 ,123.34531150225996,6.03141968269034,0.19966132490386607,0
San Lorenzo Ruiz 2 ,125.24736973367166,6.057137839631641,0.29748212011226055,0
San Lorenzo Ruiz 2 ,124.19442490343657,6.2231478367683035,1.0477853693501782,0
San Lorenzo Ruiz 2 ,129.20046046785876,6.046188967450609,3.1041806910681826,0
San Lorenzo Ruiz 2 ,123.9623471880323,5.907288512234067,6.606444312341133,0
San Lorenzo Ruiz 2 ,130.1027593838091,6.181807128915793,11.554403268902952,0
San Lorenzo Ruiz 2 ,128.35766947603918,6.024167335912453,15.47641170924974,0
San Lorenzo Ruiz 2 ,120.38553037803096,11.49513634155743,0.19758731196408374,0
San Lorenzo Ruiz 2 ,129.33938066158456,12.079020672375895,0.41643336907959017,0
San Lorenzo Ruiz 2 ,119.2429433337799,12.489622254505996,1.618455654500572,0
San Lorenzo Ruiz 2 ,127.93637638529077,11.875575150597864,5.055092739792254,0
San Lorenzo Ruiz 2 ,122.51972883910959,11.75559096227976,11.373507766082625,0
San Lorenzo Ruiz 2 ,128.68688157351886,11.572163348421624,17.378204903105996,0
San Lorenzo Ruiz 2 ,128.56390295733237,11.58173462632243,24.97968546765254,0
San Lorenzo Ruiz 2 ,127.7934749614585,23.838651562420367,0.4026355442040704,0
San Lorenzo Ruiz 2 ,127.59637741020757,24.22963157798767,1.0115552623193178,0
San Lorenzo Ruiz 2 ,121.57802132481571,22.993476972407045,3.529636277428167,0
San Lorenzo Ruiz 2 ,118.80339910983552,25.0549646136604,9.804008370328061,0
San Lorenzo Ruiz 2 ,122.79695421668801,24.61232068186847,19.384884072826967,0
San Lorenzo Ruiz 2 ,119.95170398583271,24.20789740388079,30.61460778030301,0
San Lorenzo Ruiz 2 ,126.41739350239052,24.788252810253578,43.289857383744476,0
San Luis 1 ,122.09163660906854,0.9580186756812114,0.09820563224360924,0
San Luis 1 ,129.89756649066294,0.9976838877733124,0.0959352012359791,0
San Luis 1 ,125.74805375908211,1.0130093126861663,0.1985422489283867,0
San Luis 1 ,127.99875898906608,1.032865290611829,0.4814377218684028,0
San Luis 1 ,119.44330594199891,1.0283469560049268,1.3581910756076867,0
San Luis 1 ,128.4889795801805,0.9777069249713399,2.194537590524978,0
San Luis 1 ,129.2421891623661,1.0440880169559204,2.9451777523070604,0
San Luis 1 ,123.8395677933548,2.8873037524292613,0.10266304071118901,0
San Luis 1 ,125.31753642811212,3.1125400855863457,0.1999589718516453,0
San Luis 1 ,127.28364153119715,3.1412820748813854,0.588602041440747,0
San Luis 1 ,119.96799897802912,2.9031460569667877,2.0623935484781604,0
San Luis 1 ,124.03181934814668,3.0666198192611356,4.561546946440494,0
San Luis 1 ,122.74342154437669,2.8620856556333996,7.680621165547951,0
San Luis 1 ,119.61503750281189,2.9716268475417467,9.73790371085582,0
San Luis 1 ,122.35742683641499,6.009769979518604,0.20132645760333065,0
San Luis 1 ,118.64533663638012,6.048387135545781,0.30789884735991846,0
San Luis 1 ,118.12006764617364,6.261562348949136,0.9636503012083583,0
San Luis 1 ,119.4760619855198,6.103350412376517,3.113174640443073,0
San Luis 1 ,129.74262738370575,5.988766770731543,7.060096671446333,0
San Luis 1 ,124.6141662450982,6.185805021759534,11.233743631786627,0
San Luis 1 ,129.77619479829994,6.270319692572645,16.404363420521562,0
San Luis 1 ,123.16297369129363,11.42647937841875,0.19947546585028847,0
San Luis 1 ,121.66652005025722,12.579025526707246,0.3978708863535843,0
San Luis 1 ,124.07615909921903,11.503358566876416,1.521135445199182,0
San Luis 1 ,123.24994493904809,12.377264135122514,5.262893097792911,0
San Luis 1 ,119.11024208484562,11.736401703061695,10.747209141693858,0
San Luis 1 ,125.74624630215855,11.558615589304646,18.274193448966987,0
San Luis 1 ,120.47887346311903,11.927826767656601,26.181106015598484,0
San Luis 1 ,125.48289064073309,24.345495790674274,0.40810518305751664,0
San Luis 1 ,125.8624935457371,23.71428442805634,1.0455980058826073,0
San Luis 1 ,119.68510817879523,22.930956979878477,3.7115957826975454,0
San Luis 1 ,118.56073537617229,24.23870673518092,9.800722355464684,0
San Luis 1 ,127.48144366724866,24.96576786266562,19.966573926599164,0
San Luis 1 ,123.50152525473958,23.719716878273402,30.446614925546616,0
San Luis 1 ,118.5212310642679,23.319198666313984,41.8381020213009,0
San Luis 2 ,125.9383958060372,0.9942577345932815,0.09626464245403572,0
San Luis 2 ,114.6933667319564,0.9548362711048781,0.10342554501465182,0
San Luis 2 ,122.34042274630264,1.0320487584480276,0.19724363205588305,0
San Luis 2 ,125.80414710316097,1.0326340810950188,0.5080234860682216,0
San Luis 2 ,116.87016125059111,1.008800046342963,1.2962061345175668,0
San Luis 2 ,115.70699242424635,0.985310288893839,2.1337645515549086,0
San Luis 2 ,115.45661927306915,1.0299783364445783,3.0305059825861393,0
San Luis 2 ,117.63930177081114,3.0164061074365103,0.09560683068950683,0
San Luis 2 ,115.21254973212775,3.097779692565005,0.19826684919742385,0
San Luis 2 ,122.30593610032959,3.039437637774906,0.6027968963798203,0
San Luis 2 ,114.74750157756075,3.0853216419638394,1.9872093948237157,0
San Luis 2 ,120.11306553779748,3.029568897965328,4.509415757110436,0
San Luis 2 ,125.96036224623572,2.9742423204647,7.797583340681711,0
San Luis 2 ,123.76764323407222,3.137383757977841,10.476667935513841,0
San Luis 2 ,121.38263325877213,6.024668294927307,0.19077625895623607,0
San Luis 2 ,117.67504344943934,6.063053711124323,0.29082386311337916,0
San Luis 2 ,121.48675003549967,5.83229258364885,1.0036607509263775,0
San Luis 2 ,120.32449756693983,6.075390473656366,3.3391430529420165,0
San Luis 2 ,119.11300060668445,6.042964589689766,7.027770607035439,0
San Luis 2 ,115.56852452088239,5.810903038768215,12.204190719855127,0
San Luis 2 ,124.63925058288561,5.735752258411886,15.68513311001548,0
San Luis 2 ,119.39741578585587,12.125231183657725,0.19858895794157405,0
San Luis 2 ,116.33547014184919,12.316430723220385,0.3988282378926375,0
San Luis 2 ,118.41311221052747,12.02808164510641,1.5451794533359857,0
San Luis 2 ,118.96955703034712,11.672127150383576,4.8608447464246725,0
San Luis 2 ,123.9304547468025,12.199826372031643,11.387124160411965,0
San Luis 2 ,122.80337256673683,11.496126871931523,17.72809690590758,0
San Luis 2 ,123.23165872369609,11.930200445762345,25.05601855482904,0
San Luis 2 ,114.13237517314377,23.192080220156207,0.3833351621507504,0
San Luis 2 ,118.99384797815713,23.24270172254372,1.0428507751943779,0
San Luis 2 ,119.77612981962389,23.28550547797969,3.729502732527716,0
San Luis 2 ,114.23030732187668,23.728096936905548,10.065366488554101,0
San Luis 2 ,117.11775850494041,22.922760493488955,19.886111854672432,0
San Luis 2 ,123.12347787746562,23.754704258229836,29.55655174704017,0
San Luis 2 ,115.64531646874799,24.028097873075282,43.21883621855962,0
San Manuel 1 ,88.31072915678281,0.9983294284966325,0.09538799454728888,0
San Manuel 1 ,85.4937764737517,0.988278410040304,0.0968677252823113,0
San Manuel 1 ,83.70666281686626,1.0339146608070753,0.20662491610179887,0
San Manuel 1 ,85.72257282687596,0.9645326692420504,0.5133384178169168,1
San Manuel 1 ,92.18768904320848,1.0005696743781374,1.2805835498894291,1
San Manuel 1 ,90.65352658457032,0.9562041416956555,2.172898338110327,1
San Manuel 1 ,92.0442744700251,0.957115567887791,3.0100663300660737,1
San Manuel 1 ,87.89311558655199,3.0221597549031287,0.09500241004685135,0
San Manuel 1 ,84.56567854836203,3.0198055274663465,0.19482488672076057,0
San Manuel 1 ,88.42204350296849,3.113410053853337,0.5824939085164929,0
San Manuel 1 ,87.59852054412765,3.017362102698022,1.9500965893499527,1
San Manuel 1 ,91.03034232810862,3.1379373061214553,4.5345985707147145,1
San Manuel 1 ,84.46312671090135,2.864608454519979,7.383653761692565,1
San Manuel 1 ,87.89652200579165,2.879402305434222,9.88535174849115,1
San Manuel 1 ,84.92042824930707,5.726439516942229,0.20008526921586064,0
San Manuel 1 ,86.45714815663253,5.811166110200124,0.31096935109118196,0
San Manuel 1 ,90.08874228101264,6.024762066565007,0.97413497038375,0
San Manuel 1 ,87.78895953844514,6.087343308856457,3.065131597693696,1
San Manuel 1 ,86.90781690928277,5.727351094769201,6.702355220377772,1
San Manuel 1 ,87.07139125141632,6.267582533907359,12.092229152986675,1
San Manuel 1 ,87.64313156197268,6.205299225990228,16.08110487151167,1
San Manuel 1 ,90.5081455857661,11.755934978588511,0.20633586739148696,0
San Manuel 1 ,91.45034526267406,11.492625036271761,0.41838368590436936,0
San Manuel 1 ,92.00694524123458,11.603864487862868,1.646825996280259,0
San Manuel 1 ,90.5247497990466,11.552333296505967,5.152939570210314,1
San Manuel 1 ,86.37558068258251,11.547940535158736,10.892742330977095,1
San Manuel 1 ,89.65558541356157,12.02227402639888,17.362925737153844,1
San Manuel 1 ,87.45090749168745,11.69501693099208,26.97091829049912,1
San Manuel 1 ,85.84110147400526,23.659535319669946,0.3953392449030017,0
San Manuel 1 ,90.99966989894811,25.174812800122375,0.9652228213916867,0
San Manuel 1 ,83.93815187086847,24.442354197420826,3.761682276496689,0
San Manuel 1 ,91.53550553079172,25.077553600912804,9.686445406204506,1
San Manuel 1 ,87.66100168869767,23.142135732079478,19.2638364974783,1
San Manuel 1 ,89.20737299591286,23.717134739598166,30.280477259349464,1
San Manuel 1 ,89.4023145154109,24.13135632787765,42.46826633525525,1
San Manuel 2 ,92.51654789228817,0.9576758061888738,0.10336118615545044,0
San Manuel 2 ,90.21636017128814,0.9504187443627958,0.09764967061555443,0
San Manuel 2 ,90.01400890436454,1.0170434333796918,0.19897265183235469,0
San Manuel 2 ,85.14320316099014,1.0141819516801436,0.5018846064295486,1
San Manuel 2 ,89.16383139531231,0.9910788809999612,1.321271213699749,1
San Manuel 2 ,85.88650410727168,0.9989644076032033,2.26247380711123,1
San Manuel 2 ,91.11316054162123,0.991544300059209,2.968442184863477,1
San Manuel 2 ,89.1087750952328,2.8572015134534667,0.10146046944096597,0
San Manuel 2 ,90.60402723495434,2.9506114818652387,0.1930122190613704,0
San Manuel 2 ,84.92088881536122,2.903124676619187,0.6259588860325487,0
San Manuel 2 ,85.30464894280765,2.8795272567304107,1.9766117612842007,1
San Manuel 2 ,90.92527815375787,3.137016130166805,4.5009894256696334,1
San Manuel 2 ,85.19155059038819,3.0298079175126498,7.187857516821044,1
San Manuel 2 ,85.1841848771108,3.068596885270981,9.899290885762902,1
San Manuel 2 ,84.6577654295905,5.889218245959671,0.19974165088647158,0
San Manuel 2 ,93.06286244486537,5.935888277696409,0.3113475740319704,0
San Manuel 2 ,91.11382439918516,5.842154396338034,1.0027255149950678,0
San Manuel 2 ,87.69393753566837,5.7581794025792545,3.3375585543340414,1
San Manuel 2 ,87.18916667346014,5.8074189824649505,6.788981889676301,1
San Manuel 2 ,87.66235874473806,6.178508427177891,11.78872993414842,1
San Manuel 2 ,91.44441642751252,6.106527483110265,15.39159486160085,1
San Manuel 2 ,90.43619843852669,12.056314651182571,0.20605312488304442,0
San Manuel 2 ,86.19824055402046,11.970107847440122,0.3898786164986825,0
San Manuel 2 ,86.09957308447335,12.50692114038735,1.6639379982995706,0
San Manuel 2 ,85.42572128244923,11.487281937334402,5.3095203523685015,1
San Manuel 2 ,90.4266942053419,11.736720975885499,11.383208021942824,1
San Manuel 2 ,91.35291669377345,11.819925424284857,18.236819490167623,1
San Manuel 2 ,86.90891321209253,12.338910974655345,26.180573761355927,1
San Manuel 2 ,84.73641015317513,25.18203508838873,0.4111406352024666,0
San Manuel 2 ,85.2813278405402,23.377609235417168,0.9631014618650465,0
San Manuel 2 ,93.16395431012077,24.898337601928993,3.737354162149074,0
San Manuel 2 ,87.17945851954904,24.7934946250363,9.438954922290279,1
San Manuel 2 ,91.3960860157594,23.33917775434024,19.09535121927247,1
San Manuel 2 ,90.10950576280295,23.758398192478133,28.98383773022392,1
San Manuel 2 ,87.94926279291077,23.783214886302044,41.3460808938581,1
San Mateo ,116.46824714634666,1.0478220668526559,0.09865047566692602,0
San Mateo ,115.45663701791288,0.9680891901378899,0.09932437166716504,0
San Mateo ,121.3801556164664,1.0299157971104782,0.20246344849064377,0
San Mateo ,123.29560536765345,0.983419271417311,0.47872142092192577,0
San Mateo ,121.72685104249356,1.023087034577616,1.300479928960868,0
San Mateo ,120.3636255989899,0.9920011004295662,2.1301775286556826,0
San Mateo ,114.50341468117963,1.007835976311654,3.0221925525095226,0
San Mateo ,125.62186533113261,3.0997835319978395,0.10137404612261185,0
San Mateo ,123.5845702998549,3.0912496694951654,0.20113418513105707,0
San Mateo ,117.51386444041158,3.10992695506191,0.6142977306286984,0
San Mateo ,125.7596439523062,2.867885197603398,1.9671218488481803,0
San Mateo ,121.22257907563586,3.0576151659119235,4.516646900318578,0
San Mateo ,120.98907189848696,2.8919962130165286,7.499239146689686,0
San Mateo ,122.97687815315439,2.9747455704055232,10.183868188289049,0
San Mateo ,123.74123745708165,6.029153049032813,0.20296204254522143,0
San Mateo ,121.87774328797803,5.941643690848099,0.2855507515199767,0
San Mateo ,115.5371489563944,6.011767005481804,1.0153994221420248,0
San Mateo ,118.05921007193398,6.297915785279171,3.2379472477030773,0
San Mateo ,125.1370036839126,5.781130388227713,6.67069603939223,0
San Mateo ,116.69538734212622,6.105273627201855,11.311237256181398,0
San Mateo ,118.46600428605016,5.937600579831369,15.345496719860865,0
San Mateo ,119.18492259533035,11.559611758688794,0.20846447493970457,0
San Mateo ,119.27285987633343,11.590484116049172,0.4075711728490335,0
San Mateo ,121.3552749899343,12.53912772749474,1.5403364182033186,0
San Mateo ,125.31691005293649,12.455521796054114,5.026928816347542,0
San Mateo ,116.88831254199006,12.488450352498026,11.00080646335274,0
San Mateo ,115.45801651561102,12.589839330992865,18.81074050326498,0
San Mateo ,116.36964587831925,11.649978468010222,24.551067739114217,0
San Mateo ,124.64309880251123,23.653054409673747,0.3894653252588004,0
San Mateo ,121.74972975186247,24.40612567181968,1.038974899029538,0
San Mateo ,117.43088147086992,23.961126095665552,3.518391253568012,0
San Mateo ,123.79136326762341,23.804134880108002,9.604385111765948,0
San Mateo ,124.33643995636123,23.658746998405423,19.976736176108368,0
San Mateo ,124.15817206428333,24.225073516664285,30.360432343259557,0
San Mateo ,125.02711840367465,24.181424228736198,41.68233673554216,0
San Miguel ,74.11703175331755,0.966145783406424,0.09566991094395848,0
San Miguel ,77.93831865847172,0.9971739837518439,0.09528191340447223,0
San Miguel ,75.70010017928347,1.005347177620985,0.19489490159273856,0
San Miguel ,78.59918900196446,1.007028693873139,0.5190742909794456,1
San Miguel ,77.73652914642827,0.9710107192912352,1.2890687750586762,2
San Miguel ,78.10100059339791,1.0242271392252287,2.2484733412165188,2
San Miguel ,77.18682996637614,0.952519909482107,3.1254855106139874,2
San Miguel ,73.54845864796977,2.9564495566629487,0.09908040461602817,0
San Miguel ,76.34220458361673,3.08406379456069,0.19382554742074795,0
San Miguel ,79.68349002038626,3.0191678763166205,0.6010270758514151,0
San Miguel ,79.3241493053781,2.928348729753258,2.081616737411971,1
San Miguel ,72.52812039205729,3.0584859358029144,4.533924742220589,2
San Miguel ,73.45259259954372,3.020217283246822,7.222201531739181,2
San Miguel ,73.20113867825467,3.088873082836916,10.396424256079133,2
San Miguel ,77.71744731588825,6.1410151117138945,0.2014379504491791,0
San Miguel ,78.41516850691278,6.066064753221741,0.31222389529039274,0
San Miguel ,73.82268638396111,5.992906605186488,0.9622481416850297,0
San Miguel ,76.0444804664339,5.779909275400514,3.2108915562254903,1
San Miguel ,78.58934301288512,5.85679981073123,7.058034631588087,2
San Miguel ,77.76929174022351,5.951459683750251,11.693828068355257,2
San Miguel ,76.32100276173804,6.059579572203833,15.971191868372587,2
San Miguel ,76.68664244748668,12.016449426258365,0.19140921355333917,0
San Miguel ,76.06354015656373,11.745821431151436,0.39112574561795643,0
San Miguel ,74.46136823002304,11.407757229347652,1.5719210638670316,0
San Miguel ,76.49416714572853,11.995487066280976,5.327012448859892,1
San Miguel ,77.4355282955807,11.742751186274692,10.663107422989864,2
San Miguel ,78.83725416054214,12.281529960852643,18.128781098190768,2
San Miguel ,77.03581429024229,11.42873551832458,26.16568062961911,2
San Miguel ,77.984523681528,24.203586747133897,0.3864873348963151,0
San Miguel ,73.41654442565475,25.059538170014555,0.9986442387141874,0
San Miguel ,75.7078368055904,23.218582241067597,3.788259444606086,0
San Miguel ,72.27092031068591,23.93195877780143,10.263186660896796,1
San Miguel ,74.07475937036433,23.019412780361133,19.341155214605237,2
San Miguel ,77.72110903485884,24.301636589427247,30.52749865298148,2
San Miguel ,79.73775563025517,24.12127603343094,41.10423042793611,2
San Miguel 2 ,75.83350698673901,0.9907365524212832,0.10445776497246348,0
San Miguel 2 ,78.22180509530418,1.002137702147374,0.09632574077484483,0
San Miguel 2 ,81.37056065272336,1.039657465846901,0.20549345874363598,0
San Miguel 2 ,76.6618815135683,0.9696294302311067,0.48824081608891595,1
San Miguel 2 ,79.43517109948806,0.9522564511705347,1.3563671086811628,2
San Miguel 2 ,80.84126323863443,1.03616648846991,2.2483910986612856,2
San Miguel 2 ,79.91628505705542,1.0077117082387907,3.076144113893511,2
San Miguel 2 ,76.53539540346179,3.1171975366385527,0.09719059173059884,0
San Miguel 2 ,77.85753809261735,3.0290835670239518,0.19886079953270322,0
San Miguel 2 ,81.24195509743464,3.0930483269879105,0.6070687916753572,0
San Miguel 2 ,79.42838946164294,2.9789020090065446,2.05399472364132,1
San Miguel 2 ,75.091313946989,3.0749579793864807,4.225742125401451,2
San Miguel 2 ,81.06182700422194,3.123912440066957,7.899085813923168,2
San Miguel 2 ,75.3289597040279,3.021636889116662,10.598025083965647,2
San Miguel 2 ,80.94129688357674,5.808471090337427,0.1954069718099117,0
San Miguel 2 ,76.64959642530538,5.861278569018119,0.30968280729097,0
San Miguel 2 ,82.6187804929431,5.819186746138444,1.0018323923039822,0
San Miguel 2 ,77.95673193528647,5.848114216557439,3.187778074099846,1
San Miguel 2 ,77.63275976907083,5.8838492696106215,6.673815191951755,2
San Miguel 2 ,76.22621559762631,6.033080272051913,11.895542932225279,2
San Miguel 2 ,77.4642733023727,6.0527949776783,16.367822588325758,2
San Miguel 2 ,81.97554101844278,11.911799696690233,0.19821865809925518,0
San Miguel 2 ,82.92104126725525,12.138504935785003,0.4051687677203317,0
San Miguel 2 ,77.95964529100411,11.497889910733639,1.6318900673848487,0
San Miguel 2 ,78.59402398454088,11.505345884469792,5.207672126677796,1
San Miguel 2 ,80.75436041180163,11.60619535242919,10.411643046962986,2
San Miguel 2 ,82.05094666567409,12.021692997648413,18.85474100634682,2
San Miguel 2 ,79.7350502400756,11.656793614437976,25.617606652233086,2
San Miguel 2 ,78.14305301560485,23.479882568382184,0.3904966432678486,0
San Miguel 2 ,78.30971254270413,23.760750806815185,0.9741764507479682,0
San Miguel 2 ,80.54538335732478,24.74847869762491,3.693715221752262,0
San Miguel 2 ,75.0754242824738,22.833269126190864,10.28296322407427,1
San Miguel 2 ,79.94475576593274,24.358509168567895,18.86764388101386,2
San Miguel 2 ,77.85839478248673,24.405303674497645,30.769676691844197,2
San Miguel 2 ,81.32415891708897,24.716773872855928,40.97841598131543,2
San Nicolas 1 ,123.74957925371841,1.0432752939060312,0.09976056702151062,0
San Nicolas 1 ,130.13780924363425,0.9520137848949289,0.10491686140392736,0
San Nicolas 1 ,128.754550279531,0.9653783705513216,0.20540875605584674,0
San Nicolas 1 ,130.83599928417743,1.0386171294055992,0.48552642442203064,0
San Nicolas 1 ,123.38661136883029,0.9958518562187015,1.3001873915807285,0
San Nicolas 1 ,130.0317908578229,1.0064590638933464,2.1413974480026847,0
San Nicolas 1 ,129.79315118467787,1.0163027203723147,2.972868278178753,0
San Nicolas 1 ,129.7825152179686,3.0537199813486913,0.10280084023734966,0
San Nicolas 1 ,130.33499089909427,3.1295221209949524,0.20542449630580809,0
San Nicolas 1 ,131.27643639022008,3.149084825223501,0.583686022674143,0
San Nicolas 1 ,132.93435809588192,3.0660472382792823,2.084444663630972,0
San Nicolas 1 ,126.03068728965397,2.9361663627615453,4.440730000416524,0
San Nicolas 1 ,133.1931373913228,3.1139257206883033,7.459342839676321,0
San Nicolas 1 ,128.97749830119855,2.8647662743622284,10.201974292396477,0
San Nicolas 1 ,123.54405180083288,5.838648511724697,0.2021014250687549,0
San Nicolas 1 ,123.30530698724733,6.238431430478229,0.30179671595537355,0
San Nicolas 1 ,126.86167431117919,5.853714908663613,0.9986405035536178,0
San Nicolas 1 ,132.67517100473793,5.832390635773049,3.201578497308608,0
San Nicolas 1 ,131.67908405815783,5.782875175884149,6.579960099090963,0
San Nicolas 1 ,132.72313304427405,6.21546705458815,12.169024827079522,0
San Nicolas 1 ,129.22277082809677,6.000034955514652,16.066816511905625,0
San Nicolas 1 ,128.22856707362584,12.209871843664986,0.19262159723409408,0
San Nicolas 1 ,124.45213759451106,11.686879660890035,0.41064628406331116,0
San Nicolas 1 ,126.78368652156011,12.30964850521346,1.6691910365403761,0
San Nicolas 1 ,128.148849823643,12.312006653954517,5.32812651861085,0
San Nicolas 1 ,123.69294554286707,11.77511762988996,10.75722932832818,0
San Nicolas 1 ,125.39589418997463,11.892819159612339,17.536640709880572,0
San Nicolas 1 ,130.26710629342224,11.651628332916241,25.772333039513562,0
San Nicolas 1 ,132.04005417368555,25.14374645597497,0.38450436917396885,0
San Nicolas 1 ,135.42868289696906,24.349446184940188,1.0433987418512618,0
San Nicolas 1 ,134.5871619743319,25.042905313717238,3.582924462121404,0
San Nicolas 1 ,130.83909107400396,23.52812530470992,9.655238201351652,0
San Nicolas 1 ,127.98409988749353,24.676538191192535,18.921675766350294,0
San Nicolas 1 ,130.7566880047362,24.63806074532338,29.669259734614496,0
San Nicolas 1 ,132.68490587323498,24.4599735644797,43.958210550538986,0
San Nicolas 2 ,124.0765368629117,1.04656389752668,0.09956316820550963,0
San Nicolas 2 ,127.83777307708212,0.9893555336106316,0.09670768260003337,0
San Nicolas 2 ,133.38344948469947,0.9630717323589757,0.1953441979097215,0
San Nicolas 2 ,127.50144507993627,1.017170885924406,0.5004556692593761,0
San Nicolas 2 ,129.92715229883072,1.0229309800477207,1.2541690092653976,0
San Nicolas 2 ,130.13222475512237,1.0075060573458814,2.2245642486421233,0
San Nicolas 2 ,124.92974366542394,0.9706817893133396,3.0197241919653437,0
San Nicolas 2 ,127.22283719731452,3.0013367825008066,0.10214702316382258,0
San Nicolas 2 ,126.86519562477092,2.9436569209707386,0.20875409230758737,0
San Nicolas 2 ,122.88793754006363,2.9782399584500068,0.6247352736660693,0
San Nicolas 2 ,122.86207375419848,3.043565572753399,2.089215123613766,0
San Nicolas 2 ,133.27889186341747,3.0735644228072503,4.287674862690428,0
San Nicolas 2 ,126.07261344864928,2.9196674072704027,7.271831806512712,0
San Nicolas 2 ,129.23321608448072,2.971597608194086,9.998322234506377,0
San Nicolas 2 ,126.40355989929517,5.861496942594978,0.2079017034553263,0
San Nicolas 2 ,134.68476226198788,5.819178968317122,0.31416160423870465,0
San Nicolas 2 ,125.89492818936849,6.170032331997503,1.0359324951070477,0
San Nicolas 2 ,128.09257288433227,6.245551616662196,3.075205670760814,0
San Nicolas 2 ,133.80822023125137,5.922139311410746,7.104251038680659,0
San Nicolas 2 ,133.41094301161434,6.15076735462426,11.709562472273928,0
San Nicolas 2 ,124.95070829021698,6.238197173618647,15.214896465219766,0
San Nicolas 2 ,132.90409869636466,12.415349052636278,0.19884787481496388,0
San Nicolas 2 ,128.46061083891883,11.61937606624707,0.38184276678701873,0
San Nicolas 2 ,128.7802984499011,12.547550257816035,1.6070204673857789,0
San Nicolas 2 ,124.27189164416568,11.852011728515356,5.017662553992896,0
San Nicolas 2 ,123.58975952746691,11.807088793408603,10.871044077617514,0
San Nicolas 2 ,131.94041705996156,11.474917592733336,18.405970056552473,0
San Nicolas 2 ,128.95434886538337,11.983408384925859,26.673740818991345,0
San Nicolas 2 ,128.18537406373582,23.061632677538228,0.4064760630588772,0
San Nicolas 2 ,131.96065614961591,23.396495570225824,0.993404886847818,0
San Nicolas 2 ,132.42511639698532,23.560662292241474,3.8181883058580355,0
San Nicolas 2 ,124.59991536293467,24.74118317638004,10.301526316197402,0
San Nicolas 2 ,130.42190442826157,24.901172760950153,18.373741535885497,0
San Nicolas 2 ,124.29606766138214,23.525919161907527,30.11586279861348,0
San Nicolas 2 ,132.24273860977468,24.860875490986977,41.77986606810024,0
San Roque ,111.72650671893854,1.035723093736979,0.09547061197876948,0
San Roque ,115.02276083191803,1.0264650950384873,0.10168546695113986,0
San Roque ,105.25853817992063,0.9646695114015181,0.20725541554918453,0
San Roque ,105.1276019326638,1.019032284690073,0.4831451327238697,0
San Roque ,107.6040578216252,1.0445024064580568,1.3406137754911072,0
San Roque ,107.37876252109497,1.0182540478767157,2.277747061378127,0
San Roque ,107.216766789792,0.9831616849107834,3.124302132799945,0
San Roque ,114.4688003857314,3.0001737952292493,0.09765285089086052,0
San Roque ,107.24500819834456,3.043717513005316,0.2080790613037978,0
San Roque ,107.49144698741495,3.003171122618551,0.5892397652841859,0
San Roque ,112.8533808865976,2.885985882519291,2.0104676026911004,0
San Roque ,109.44713826695595,2.943619213395606,4.202223287166205,0
San Roque ,113.043816126507,3.09071880916609,7.205630221718401,0
San Roque ,105.21902773320824,3.1084254138286553,10.424780676986845,0
San Roque ,109.86328313040723,5.7823800196293424,0.19888959955955582,0
San Roque ,104.86974960201611,6.271432051439235,0.2926887712610765,0
San Roque ,105.1891852380089,5.897293570709166,0.969041349602491,0
San Roque ,114.47081198678852,6.097388243238432,3.25438511707495,0
San Roque ,106.03169908229354,6.151095087574008,6.460273049937231,0
San Roque ,110.35662750502739,6.18716774078273,12.16095157965229,0
San Roque ,109.02205162860777,6.267449821335558,15.326799369807887,0
San Roque ,108.32077658884727,11.775503457634587,0.1938297922981624,0
San Roque ,114.39816680256,12.430207745461866,0.3954494558119636,0
San Roque ,104.74005736453039,11.558024284123448,1.5975773983545767,0
San Roque ,111.80168654793148,12.24604908762431,5.02604750906511,0
San Roque ,115.09733877634906,12.290373275416783,10.70457625983288,0
San Roque ,110.66185001808026,12.213267889441585,19.044327141973202,0
San Roque ,114.80504708236401,11.702777683362184,26.089213729998633,0
San Roque ,105.07483667214626,24.895303552836488,0.38093731821469556,0
San Roque ,109.10672650981577,23.20526031208895,0.9930175908444313,0
San Roque ,107.36173570058256,22.928723499649994,3.838753218905269,0
San Roque ,112.53903061478803,24.521915977468588,9.703441624546562,0
San Roque ,115.29426799546971,23.941141716558562,18.32560261851908,0
San Roque ,107.32183068688673,24.837835247900824,30.795671084312932,0
San Roque ,111.69592061621482,23.72015313853982,43.15267906236707,0
San Simon ,114.43755206656493,0.9668278588507713,0.10070312507826504,0
San Simon ,118.770897003945,1.033644219246987,0.09553576559607409,0
San Simon ,117.57440334292237,1.0048909631640073,0.19280998019591036,0
San Simon ,123.56966288965214,0.9689195792390355,0.5061274698106557,0
San Simon ,119.2806218178183,1.0220383998586446,1.2620170993896487,0
San Simon ,116.22417519062446,1.00111136384895,2.2008954175446536,0
San Simon ,113.44633026167762,1.010431298224032,3.013464505808818,0
San Simon ,113.88471257907223,2.9882695014619745,0.0978350719027094,0
San Simon ,114.75873977342458,3.098612695145402,0.20896850311082987,0
San Simon ,115.06140660381551,3.098868814704915,0.6205478464101345,0
San Simon ,122.13726948252543,3.062816646547316,2.0444747015265596,0
San Simon ,118.72242890173379,2.8816204132189385,4.214317301220141,0
San Simon ,118.27601275421752,3.101656158571221,7.25262816457831,0
San Simon ,113.45427268805676,3.051303894159873,10.192636972782255,0
San Simon ,122.24964838152333,6.11821449960258,0.19321426698381972,0
San Simon ,120.6292087778601,5.917789704242323,0.3143479639058842,0
San Simon ,112.89848667042001,6.227567733694204,0.9658520234027409,0
San Simon ,120.45245414731127,6.135222960140914,3.1959897073484718,0
San Simon ,118.51375096464322,5.767554279917516,6.707602318652223,0
San Simon ,113.06435907981198,5.944666820643698,11.964475977315836,0
San Simon ,117.50794757003814,6.231828217176085,15.40645825422308,0
San Simon ,117.81941618813455,11.456636042036855,0.19860632856084784,0
San Simon ,114.05613957392666,12.553699943570459,0.3909882013122858,0
San Simon ,123.25923813460334,12.214995081983476,1.6620402439474702,0
San Simon ,122.1297093834718,12.157651173172052,4.865698713188694,0
San Simon ,119.99446358048348,11.72467110778559,11.35096296846704,0
San Simon ,117.55508761980717,11.698550146487012,18.80604933216646,0
San Simon ,116.9588333906972,12.530469863386315,25.204250668044,0
San Simon ,119.78148691238125,23.515853890161896,0.4115716261870842,0
San Simon ,118.53609605900148,24.6612127121256,0.9531213560338747,0
San Simon ,112.83482264940625,23.74349231569699,3.872740253608556,0
San Simon ,118.14753125548991,23.134209769883288,9.926328993163892,0
San Simon ,121.6155626833475,22.82571671446886,18.724266759785003,0
San Simon ,117.51903055564411,24.1062176088366,29.60747480420922,0
San Simon ,112.71308761514037,25.141869164517438,40.84855085927633,0
Santa Cristina 1 ,118.29219929291638,0.9869136193809205,0.1048934951404204,0
Santa Cristina 1 ,111.5656834945637,0.9857192333993045,0.09539291945150694,0
Santa Cristina 1 ,112.22413960121244,0.9844091617849442,0.20309814246295718,0
Santa Cristina 1 ,111.1441230644714,1.0020543837304858,0.49713679638532293,0
Santa Cristina 1 ,113.04747324602222,0.9940664883424294,1.358359108364533,0
Santa Cristina 1 ,117.9526423154193,1.0379914626727014,2.144119942867495,0
Santa Cristina 1 ,115.22293738429528,1.000552079172349,3.0096260471814036,0
Santa Cristina 1 ,111.60613465273319,3.0023273514565707,0.09982356208582753,0
Santa Cristina 1 ,119.34504589874847,2.891511478416167,0.20405732888100203,0
Santa Cristina 1 ,119.36519133194258,3.144821862273116,0.5740806139171452,0
Santa Cristina 1 ,119.26165188802908,2.924991867260649,1.938757826004671,0
Santa Cristina 1 ,111.99615643088771,2.8720092202378806,4.274408520840854,0
Santa Cristina 1 ,114.43925245808137,3.048943874692563,7.7298038199054755,0
Santa Cristina 1 ,120.57738104562006,3.0286099110470617,9.882921470253274,0
Santa Cristina 1 ,118.12814347756489,5.949087392395647,0.20146983527781953,0
Santa Cristina 1 ,109.56242534409394,5.953315340328407,0.2914573146150286,0
Santa Cristina 1 ,109.99985279949566,6.171038352627859,1.0361624950083979,0
Santa Cristina 1 ,114.58521083334183,5.817427584059789,3.3414993454366844,0
Santa Cristina 1 ,119.70603236740794,6.192151991366934,6.8125752229607235,0
Santa Cristina 1 ,115.44507067645621,6.089248268337011,11.625724483366831,0
Santa Cristina 1 ,114.97484384239434,5.951381864267715,15.574492440028,0
Santa Cristina 1 ,110.46294754950125,11.949634339900642,0.1909956200304609,0
Santa Cristina 1 ,116.80297120432938,11.707976648623315,0.39074000304789985,0
Santa Cristina 1 ,118.70418634690259,12.30253719923637,1.624677724791251,0
Santa Cristina 1 ,113.62483008633697,12.01544969076632,5.117144634967697,0
Santa Cristina 1 ,118.16953628564127,11.785025451299813,11.384004993326212,0
Santa Cristina 1 ,120.34148151985933,12.11526013891314,18.011224617734893,0
Santa Cristina 1 ,111.59331427996842,12.594881342461587,26.223713448139797,0
Santa Cristina 1 ,115.26829075873952,23.84462947117573,0.3995729098990049,0
Santa Cristina 1 ,112.55208651797261,25.009659361868685,1.0012576215924212,0
Santa Cristina 1 ,118.36782581888916,23.62804041581896,3.6140764964035235,0
Santa Cristina 1 ,115.89232370763331,22.931358496619964,9.85540126907358,0
Santa Cristina 1 ,116.54769780182849,23.29018105528423,19.044199344294274,0
Santa Cristina 1 ,118.42601283558278,23.804868343986442,30.6403408502903,0
Santa Cristina 1 ,113.80366043561823,23.327123828626966,44.58153279652471,0
Santa Cristina 2 ,111.44146373195537,0.9500227038218255,0.09829321277482504,0
Santa Cristina 2 ,107.3534088795337,1.0415001537747528,0.095422004685813,0
Santa Cristina 2 ,103.34011660433822,1.034387941123093,0.1999259025100128,0
Santa Cristina 2 ,109.09612056440619,1.0242292231486947,0.5022230666074584,0
Santa Cristina 2 ,110.13789644968932,0.9667814595646028,1.256897271647149,0
Santa Cristina 2 ,105.03934994462253,0.9620363576209986,2.257302213380735,0
Santa Cristina 2 ,110.82181804988666,0.9567604749472383,3.1454787325324474,0
Santa Cristina 2 ,111.34573282599371,3.067208756631876,0.10445774717008462,0
Santa Cristina 2 ,104.61287801494255,3.1286423882063654,0.19394212077647305,0
Santa Cristina 2 ,112.17367975805287,2.979160746273911,0.6225217943940456,0
Santa Cristina 2 ,103.15561335012171,2.8857422015988146,2.040898727282337,0
Santa Cristina 2 ,103.81156765190664,3.003717846219632,4.379692488075041,0
Santa Cristina 2 ,103.62120577984687,2.954649572237589,7.58066130071517,0
Santa Cristina 2 ,111.21568989708422,2.962447477304999,10.556592178482106,0
Santa Cristina 2 ,108.6509303098771,6.072798374493424,0.19960269879276749,0
Santa Cristina 2 ,103.27751583047832,6.1312308679573215,0.2961962210731538,0
Santa Cristina 2 ,106.36146057654133,5.766362159323896,0.9993247493025986,0
Santa Cristina 2 ,108.23368886824689,5.7213541384838855,3.225321537291216,0
Santa Cristina 2 ,102.5430657093864,6.296598181611429,6.588572804569277,0
Santa Cristina 2 ,111.09185514195852,5.839637009349331,12.27307112171505,0
Santa Cristina 2 ,110.24855782922442,5.7322983149450755,16.27869911812738,0
Santa Cristina 2 ,107.05571247727003,11.627850394915104,0.2026653783467498,0
Santa Cristina 2 ,111.99825478327313,11.446749415618157,0.38397984904722554,0
Santa Cristina 2 ,106.12004247824356,11.870173073540606,1.6166678301076147,0
Santa Cristina 2 ,112.17998041369053,12.36288214134159,4.906689937741631,0
Santa Cristina 2 ,108.79674398719881,11.809493339709265,10.440780465962986,0
Santa Cristina 2 ,108.44098262381718,11.93302008825404,18.249705830069153,0
Santa Cristina 2 ,103.4257173796649,12.210704128280927,25.47491578633461,0
Santa Cristina 2 ,111.0866270138597,24.021345768167713,0.40355241080624893,0
Santa Cristina 2 ,106.22413966075058,24.867469646451177,0.9589222168057239,0
Santa Cristina 2 ,103.38589744187253,24.878485620109817,3.6744637332534857,0
Santa Cristina 2 ,101.78490046374063,22.82378566917877,9.578038847894707,0
Santa Cristina 2 ,107.63938581493069,24.66731113555968,20.030361164115064,0
Santa Cristina 2 ,107.29317595671263,23.905760640580016,30.203572937730392,0
Santa Cristina 2 ,109.34708375935,25.17321729912879,43.50035539621751,0
Santa Cruz 1 ,118.44894180440295,0.9983232075875436,0.09825418280682609,0
Santa Cruz 1 ,109.20523506493053,1.0486895945388297,0.09594738914779345,0
Santa Cruz 1 ,116.63905998988014,1.0254569361205736,0.20951741725567075,0
Santa Cruz 1 ,110.43649616271244,0.9748604884613307,0.4893129517691592,0
Santa Cruz 1 ,118.08321840599167,1.0038394979286958,1.2900950640725646,0
Santa Cruz 1 ,117.63732405802288,1.0492135639478584,2.2329700627745668,0
Santa Cruz 1 ,114.4650488068352,1.0357530607751924,2.8574091893058333,0
Santa Cruz 1 ,116.39676790430575,2.8792100681373665,0.10310259130517288,0
Santa Cruz 1 ,111.88359129029473,3.061911599042999,0.20073156380057242,0
Santa Cruz 1 ,113.67131404783409,2.9536738757612437,0.5866930312241293,0
Santa Cruz 1 ,117.66666063389938,2.8520946785641046,1.912321597058494,0
Santa Cruz 1 ,113.53562324777464,2.9710442907081,4.251499302808755,0
Santa Cruz 1 ,112.37890022471004,2.9204263265174912,7.848250563434345,0
Santa Cruz 1 ,113.93402189865341,3.0956607811561416,10.389744708414607,0
Santa Cruz 1 ,117.74204147778428,5.90239836530746,0.1949980344327378,0
Santa Cruz 1 ,112.12137174002795,6.19651421637229,0.2869680229483509,0
Santa Cruz 1 ,110.28088216174748,5.700358763300877,1.0190615312386637,0
Santa Cruz 1 ,116.4169598317709,5.884691490015672,3.2231704723096852,0
Santa Cruz 1 ,117.71615162487214,5.844699128584657,6.735073276631599,0
Santa Cruz 1 ,109.44726725516828,5.840140416641167,11.639061510044275,0
Santa Cruz 1 ,111.03456488541777,5.740911971859278,15.546902841486574,0
Santa Cruz 1 ,109.91848068327533,11.624549124492603,0.20339222513075036,0
Santa Cruz 1 ,112.2665320920367,12.066659483862743,0.41882672111175484,0
Santa Cruz 1 ,113.4340011595217,11.749633287405294,1.5481144393338921,0
Santa Cruz 1 ,116.8366202413817,11.900873738794978,5.149529476207906,0
Santa Cruz 1 ,115.72308246765108,11.852240256416627,10.817361710763114,0
Santa Cruz 1 ,115.37858566925412,12.451085909999874,18.10297347357529,0
Santa Cruz 1 ,112.31707439135006,12.486358798812619,25.092543878128804,0
Santa Cruz 1 ,117.89250210516626,23.983096731974065,0.4130053950264568,0
Santa Cruz 1 ,113.67267370833908,23.59237428075745,0.9985255604147241,0
Santa Cruz 1 ,119.46179629337276,23.056321689605674,3.716060165313358,0
Santa Cruz 1 ,115.5292203765714,25.088166910517028,9.706713303669353,0
Santa Cruz 1 ,109.73941805383534,22.944544667760713,18.492254169423877,0
Santa Cruz 1 ,116.00842420765994,23.514360666163874,28.776902985384865,0
Santa Cruz 1 ,112.00618577592137,23.51535888280801,43.6142887317494,0
Santa Cruz 2 ,114.08686460288429,0.9820401286140215,0.09696234281687856,0
Santa Cruz 2 ,107.17998085941895,0.9664286843272409,0.10190075354188799,0
Santa Cruz 2 ,108.35867209637074,1.0283161430923697,0.19780752892093909,0
Santa Cruz 2 ,115.98425729974481,0.962249786196599,0.4957887400494826,0
Santa Cruz 2 ,108.94441103866336,1.0134906659153162,1.2959930744920605,0
Santa Cruz 2 ,115.77486060272093,0.9623846026705818,2.1708958717880598,0
Santa Cruz 2 ,109.5278921906894,0.9570535637592956,2.880185993166777,0
Santa Cruz 2 ,113.60027739265753,3.122828851105763,0.09809631810002846,0
Santa Cruz 2 ,114.17448642331011,2.9070386298956117,0.20327468721387879,0
Santa Cruz 2 ,112.14173323522459,3.0963750463679114,0.6099470640881323,0
Santa Cruz 2 ,109.81947957900339,3.013389261332141,1.957244861447999,0
Santa Cruz 2 ,108.78161701535628,2.873356955882631,4.382445155685383,0
Santa Cruz 2 ,106.77172077109917,3.13663445743142,7.318552657149013,0
Santa Cruz 2 ,109.80419969389611,2.9240883500975676,9.904579523160432,0
Santa Cruz 2 ,113.71542325395036,6.215787207211564,0.19046094176813216,0
Santa Cruz 2 ,116.90901396662301,5.8012860034707385,0.31190239649723234,0
Santa Cruz 2 ,116.15749020134618,6.2123657292851115,0.9710706665074906,0
Santa Cruz 2 ,114.9799254971954,5.707937287743176,3.1128108406196686,0
Santa Cruz 2 ,115.23061024443695,6.007068273941688,6.650128974198689,0
Santa Cruz 2 ,113.84783091893115,6.161665547652934,11.360341524600607,0
Santa Cruz 2 ,109.31521280473923,6.26087731049567,16.22282061309018,0
Santa Cruz 2 ,116.56058434390529,12.491042563447785,0.19150285906355174,0
Santa Cruz 2 ,113.91220189334534,12.383549843457175,0.385368097053054,0
Santa Cruz 2 ,112.67693506698093,12.465829619593565,1.6231610762544149,0
Santa Cruz 2 ,107.64308205519099,11.639063623004493,5.018226916445536,0
Santa Cruz 2 ,111.40702209063197,11.741021154854074,11.126663131104296,0
Santa Cruz 2 ,111.55601263746158,11.74676222990527,18.304513035299657,0
Santa Cruz 2 ,116.0831124266539,11.85246471720204,25.097364467700743,0
Santa Cruz 2 ,112.52246006610324,23.743969608924452,0.40603311801957315,0
Santa Cruz 2 ,110.66048614846859,24.10693277917122,0.961627368029288,0
Santa Cruz 2 ,117.34016367931939,23.18371143207946,3.7134718417396115,0
Santa Cruz 2 ,107.64007064525474,24.458991993086375,9.837776623994584,0
Santa Cruz 2 ,111.13254239709379,23.202159694330817,18.656638543181312,0
Santa Cruz 2 ,106.87067636191973,23.544740357050912,30.33222300321398,0
Santa Cruz 2 ,114.68692615258962,24.00802831345477,44.28559443929301,0
Santa Fe ,120.84968800551015,1.0296440561523477,0.10498904699763077,0
Santa Fe ,113.44843302278568,1.0239469233238727,0.10107762768743425,0
Santa Fe ,120.1567634508698,1.0145534356410522,0.19809411748658343,0
Santa Fe ,113.58973147335801,0.965577326058017,0.4862603550108101,0
Santa Fe ,120.76493387506942,1.0047045345615577,1.2684224916213647,0
Santa Fe ,118.9459580817227,0.9587446501799886,2.1954800951929485,0
Santa Fe ,119.53691861136069,0.9877363176796651,2.960183310384213,0
Santa Fe ,110.40887604496527,2.974054959086988,0.10413814522624945,0
Santa Fe ,121.3686001420587,2.8619434318337262,0.1973659093531142,0
Santa Fe ,118.62938350801575,2.9321964298409915,0.592406675468726,0
Santa Fe ,113.73511270647914,3.136694840179947,1.9767069024867954,0
Santa Fe ,119.82097811236262,3.1360897823489067,4.54811289256177,0
Santa Fe ,113.46564590161319,2.955698116275762,7.6638451822394105,0
Santa Fe ,120.32394453896708,2.8629300326844973,10.31645222732527,0
Santa Fe ,111.50593252877847,5.807456963596909,0.19668286044767724,0
Santa Fe ,118.36275733854524,5.935330676060124,0.3095371253049732,0
Santa Fe ,116.47210232908095,6.2686678187815374,0.9538363861355701,0
Santa Fe ,111.31979985426712,5.784719438122311,3.3186550951481966,0
Santa Fe ,113.00596840780253,6.158109506200927,6.808669931859872,0
Santa Fe ,110.34388682081685,5.765209523624815,11.679935277138828,0
Santa Fe ,115.63770839938827,6.288754546434766,15.995467649148297,0
Santa Fe ,113.694677024816,11.857939798930962,0.20334831061067662,0
Santa Fe ,117.140946817854,12.330281446678867,0.3805106170607159,0
Santa Fe ,113.64795856941996,11.811109299373358,1.6594482970333198,0
Santa Fe ,113.67906169348102,12.15320265259057,5.07283715790881,0
Santa Fe ,118.8210411052866,11.630419301688043,10.728833506473086,0
Santa Fe ,110.7584568973489,11.575225223156355,17.541606929453984,0
Santa Fe ,120.67358194422705,12.525676967481758,25.569274675537095,0
Santa Fe ,120.0862609429377,25.00235346697064,0.3998529108513752,0
Santa Fe ,117.94653432542631,24.92992545651092,0.9903646694493478,0
Santa Fe ,117.08137021324566,24.301040280399825,3.766104234715952,0
Santa Fe ,120.55070897841996,24.739843706919068,9.821687563471635,0
Santa Fe ,112.34983008253309,22.9656886485873,19.981307573686955,0
Santa Fe ,111.11604228141361,23.60349370053763,30.31803110850642,0
Santa Fe ,112.97831797095064,23.552887499417174,44.01293078523366,0
Santa Lucia ,86.4744575410816,1.0135645321952613,0.09609355903109479,0
Santa Lucia ,80.09123024050245,0.985595777347064,0.09897291292945906,0
Santa Lucia ,84.69557741470132,0.9648506781643681,0.19673695402894306,0
Santa Lucia ,88.161675136007,1.0096467075413544,0.5034741194068296,1
Santa Lucia ,86.98784718823534,1.0314383920669081,1.3469447576079854,2
Santa Lucia ,84.18014378796614,0.9882123494459973,2.1072344079076415,2
Santa Lucia ,80.3345836380078,0.9632268715098482,2.871772439413413,2
Santa Lucia ,86.78353752083996,2.9090064591938467,0.103503177081576,0
Santa Lucia ,84.83141946868857,2.9212449915508154,0.19425700172076715,0
Santa Lucia ,80.76543717530036,2.939969277898361,0.6101251952669888,0
Santa Lucia ,80.58840119251619,3.042838521151893,2.008575626472161,1
Santa Lucia ,87.44086528326737,3.030283645361316,4.546473181750382,2
Santa Lucia ,85.42128220867986,3.0588239584701116,7.266942126926485,2
Santa Lucia ,86.76600911426075,2.958750595359454,9.822378625037063,2
Santa Lucia ,87.18342276237105,6.194398591127987,0.20113636720556616,0
Santa Lucia ,84.6028877572059,5.822452596693456,0.3133913596007511,0
Santa Lucia ,84.14654935474235,5.981424448510892,0.9914997758370754,0
Santa Lucia ,83.41559024669631,6.180563232924858,3.1446214720815027,1
Santa Lucia ,82.4623513374454,5.808095188639571,6.872548739774563,2
Santa Lucia ,83.45060607121317,5.76591786824447,12.307929348643137,2
Santa Lucia ,86.30058910813331,6.230210380612794,16.5390845325514,2
Santa Lucia ,84.8561568205271,11.811515595311034,0.20990967221466442,0
Santa Lucia ,87.29719563562071,12.220644149890838,0.3809027433280951,0
Santa Lucia ,83.52439212078518,11.430418325116726,1.538057303154042,0
Santa Lucia ,84.89955246123753,12.22805626609134,5.155828559316977,1
Santa Lucia ,85.10298344597271,11.779321573856365,11.249428318873896,2
Santa Lucia ,84.77025616337313,11.46688902430493,17.809144702998314,2
Santa Lucia ,85.70212369391834,12.13177531385774,25.05412052396803,2
Santa Lucia ,81.79444113434838,23.377929158575615,0.41147903197524804,0
Santa Lucia ,84.10385573138464,23.72833738092451,0.9556381853853232,0
Santa Lucia ,80.67548834359012,22.993393949487633,3.6516715796055568,0
Santa Lucia ,83.02989515221643,23.15319180262787,9.905751130366406,1
Santa Lucia ,83.89640337641862,23.515145365190026,19.21526596800912,2
Santa Lucia ,85.27868378018196,23.01542280134438,30.706302700691914,2
Santa Lucia ,87.78446084172411,24.985983035247155,42.080191239048915,2
Santa Maria ,99.99644555882873,0.9506047043183978,0.10112684344674608,0
Santa Maria ,101.41157977014794,0.9983860218864311,0.10085375422790957,0
Santa Maria ,99.0620339890025,0.9623247458132551,0.20095232201307495,0
Santa Maria ,100.32762991062567,0.9807679089477949,0.5070241646571106,1
Santa Maria ,94.75222893972436,1.0426059559818266,1.26872839223885,1
Santa Maria ,96.56847665033429,0.9661694553273987,2.1086227257886185,1
Santa Maria ,97.63234562273087,1.0465832319718333,2.885781501611923,1
Santa Maria ,98.72768421456449,2.9117383130968264,0.09724582382653901,0
Santa Maria ,94.5019225804736,3.072469832540049,0.2000039587104557,0
Santa Maria ,95.43623856577784,3.0140031794691935,0.6204265650327612,0
Santa Maria ,96.79046164713392,3.1153436182790277,2.040258668417677,1
Santa Maria ,103.6681736399204,3.0161979766509392,4.527177865848901,1
Santa Maria ,97.3303353703202,3.0103677657468926,7.437486596064199,1
Santa Maria ,98.82220647530961,2.90863740011052,10.10274681648152,1
Santa Maria ,95.99136735611009,5.799737617230996,0.19787363771981226,0
Santa Maria ,100.0967227036501,6.249893490669309,0.29075619553213505,0
Santa Maria ,96.82876383360815,5.89670291931002,0.9561216658143572,0
Santa Maria ,96.09922652654042,5.923249352977738,3.229093149704713,1
Santa Maria ,99.16406902161519,6.155894195057033,7.1326673447259985,1
Santa Maria ,94.10450741168816,5.903294089453684,11.40685905184131,1
Santa Maria ,94.12587392322733,6.2712374679834015,15.274695711838838,1
Santa Maria ,96.21878121010839,12.285513322798561,0.20559063363647867,0
Santa Maria ,94.41354148875813,12.116915091088105,0.39010344026738897,0
Santa Maria ,95.11945496589385,12.457074192653703,1.6527430088564685,0
Santa Maria ,97.40472042845364,11.45952709001938,5.204007700187603,1
Santa Maria ,101.99559822784015,11.70847523062705,11.385784155385377,1
Santa Maria ,99.71328156935608,11.958043601065093,18.03424756907714,1
Santa Maria ,99.12541048696852,11.672374247365825,26.14166741198676,1
Santa Maria ,96.9555393497604,24.585372449525163,0.39859419123253087,0
Santa Maria ,103.27436182238488,25.00609927452894,1.0130588697308545,0
Santa Maria ,97.98044890824819,23.817048287834215,3.681351595222863,0
Santa Maria ,94.91221839127813,23.621118240268547,9.591745923959834,1
Santa Maria ,100.15895850956623,25.107721757130157,19.11508406456646,1
Santa Maria ,95.17700009541835,23.8676458387861,30.1058097727152,1
Santa Maria ,97.46770911373675,23.97371616107828,44.02627843207089,1
Santo Cristo ,86.06374267297316,0.9851649872341905,0.10235520705793581,0
Santo Cristo ,89.21831371229251,1.0409548473012138,0.10163791623941444,0
Santo Cristo ,85.94450059092502,1.0068955483281852,0.19226774191105145,0
Santo Cristo ,87.73942538787232,1.0262174587181645,0.5110308145331858,1
Santo Cristo ,90.238224815392,1.0311806718350887,1.300039670326087,1
Santo Cristo ,82.83080643112264,0.9841849041917258,2.286701897943355,1
Santo Cristo ,84.06269111946787,0.993369433132038,3.1259612802391628,1
Santo Cristo ,85.09335425013975,3.1045415323218792,0.09555156590601786,0
Santo Cristo ,85.32772233543395,2.958976605502743,0.2064128312070896,0
Santo Cristo ,85.23478124728369,3.0881805400355553,0.5722618434253602,0
Santo Cristo ,89.50545462198637,3.1322976967723313,1.9734339251390045,1
Santo Cristo ,87.84068074241496,3.036963111920402,4.418611989273275,1
Santo Cristo ,86.92798484118005,3.072488186235567,7.284316102963481,1
Santo Cristo ,84.36060537361993,3.0915291936123404,10.451240088820457,1
Santo Cristo ,88.78459730430313,6.207023789337986,0.1901670940834428,0
Santo Cristo ,89.9135203987709,5.937032002714077,0.2900579714530211,0
Santo Cristo ,88.76230522993195,5.730758075505599,1.0080796829853476,0
Santo Cristo ,81.71345990464667,5.941125762742043,3.2686040198519337,1
Santo Cristo ,87.17305178357731,6.1042537378704536,7.0833173098318625,1
Santo Cristo ,82.13976428040206,5.970210231468475,12.042486049282857,1
Santo Cristo ,83.91542209487001,6.149377890516239,16.274846832407786,1
Santo Cristo ,82.21191242299084,11.828378915362396,0.1978868229270133,0
Santo Cristo ,86.89264089536474,12.161692969324836,0.38005137702107206,0
Santo Cristo ,87.60467325603642,11.62370376582477,1.5392254813976995,0
Santo Cristo ,82.68459368736679,12.299243323973949,5.11762281782558,1
Santo Cristo ,85.00101439418683,12.054835162575632,11.090891575570417,1
Santo Cristo ,85.62363397701766,11.644877266255921,18.04975587669156,1
Santo Cristo ,84.87385598714388,11.750293408197368,26.318421757156784,1
Santo Cristo ,82.74081500417266,24.596660900596397,0.40087449181328716,0
Santo Cristo ,85.30295099561229,23.95824296558765,0.9574176195594313,0
Santo Cristo ,88.16013121115239,23.318475456943375,3.5860460128581413,0
Santo Cristo ,82.310665914986,25.121450856888714,10.236598241011503,1
Santo Cristo ,82.38954812110437,24.51630004756053,19.529583346052682,1
Santo Cristo ,84.75103310978946,25.09712359809551,31.20507548501151,1
Santo Cristo ,89.79884111992276,23.825052108864824,41.0669694537464,1
Santo Niño 1 ,79.31486664443872,0.997510034069172,0.10490222534615075,0
Santo Niño 1 ,79.393625662046,1.039795521618502,0.09709406713949933,0
Santo Niño 1 ,76.92297592853535,1.0025049340245384,0.19023559752573285,0
Santo Niño 1 ,78.7305541714266,1.0207278911905666,0.5248711469526777,1
Santo Niño 1 ,74.1790232354164,0.975217287749553,1.2715396051078647,2
Santo Niño 1 ,79.06154916199444,0.994672646870264,2.2369642795527636,2
Santo Niño 1 ,81.22363819109465,0.9623449865810355,2.9030046942528918,2
Santo Niño 1 ,78.8780730530896,2.9117940107630886,0.10080228532199142,0
Santo Niño 1 ,80.9148490290375,2.8502830245802895,0.2080806997290912,0
Santo Niño 1 ,79.74698983263553,2.861779515494598,0.5892108700457063,0
Santo Niño 1 ,75.04035564794879,3.143185146953079,2.0340507952088718,1
Santo Niño 1 ,81.13913579682956,2.922706108541029,4.262677579071304,2
Santo Niño 1 ,74.61826198597504,3.0489932128512005,7.644220526032638,2
Santo Niño 1 ,78.26494628587255,3.1017299096398836,10.03317935885386,2
Santo Niño 1 ,75.20866956558896,6.030396275541938,0.19422416517175906,0
Santo Niño 1 ,74.19131156370105,5.791886700050374,0.29439546152110907,0
Santo Niño 1 ,77.39186722899558,6.1368698624017,0.96788410685078,0
Santo Niño 1 ,76.40131751970242,6.0601508460597495,3.3286131545081226,1
Santo Niño 1 ,77.8908038516213,6.138750353608425,6.730087082695648,2
Santo Niño 1 ,78.60215911652949,6.161847973714252,11.499429579869755,2
Santo Niño 1 ,74.44116476400978,6.285246220610847,15.917452545625492,2
Santo Niño 1 ,75.05942570196521,12.088275936032051,0.1964107233361299,0
Santo Niño 1 ,78.45741069231332,11.809969335228722,0.40977677015253305,0
Santo Niño 1 ,76.77670535474674,12.178157468280284,1.6753951859016791,0
Santo Niño 1 ,79.78755320288569,11.48212885109115,5.068397164915799,1
Santo Niño 1 ,79.18787485901713,12.476876781985904,11.293526405969743,2
Santo Niño 1 ,80.69571403132127,11.543257213605836,18.319870793878508,2
Santo Niño 1 ,79.50144404801996,11.793411405462981,24.843238748454915,2
Santo Niño 1 ,77.45346240364316,24.75778891350269,0.4076249096832537,0
Santo Niño 1 ,79.34913965467658,24.23354970799371,1.001343449712582,0
Santo Niño 1 ,76.24797315919227,23.744725248665862,3.7557244136032786,0
Santo Niño 1 ,76.48924529047005,23.936245582500053,10.285790538445948,1
Santo Niño 1 ,80.2540842473822,24.850913743685233,18.98623002995305,2
Santo Niño 1 ,77.58207222793234,23.61601052654374,31.2243352248985,2
Santo Niño 1 ,80.32736665604315,24.88715924354921,43.770356690982666,2
Santo Niño 2 ,82.57937898934622,0.9588134430976691,0.09988604925877985,0
Santo Niño 2 ,82.86049870129027,1.027679843720863,0.10103222135657965,0
Santo Niño 2 ,83.33308188672966,1.0347547633054737,0.19651162265038025,0
Santo Niño 2 ,79.44788176410637,0.9681817652837339,0.5241798649869387,1
Santo Niño 2 ,78.55093454656911,0.9930346532372201,1.3217556511965516,2
Santo Niño 2 ,80.65758997275292,0.9665499774663655,2.099646307549259,2
Santo Niño 2 ,78.96937938750102,1.0206604128994217,2.9479865717244027,2
Santo Niño 2 ,80.80859333440186,3.010604330418497,0.10123314433759058,0
Santo Niño 2 ,81.64468690115059,3.040597004012496,0.19112666555598481,0
Santo Niño 2 ,81.5072401479371,2.9089460900868636,0.5714330514791486,0
Santo Niño 2 ,78.99642309616097,2.913523758615726,1.9900048479055605,1
Santo Niño 2 ,77.33488161359003,2.862449197652972,4.326383679064775,2
Santo Niño 2 ,79.44423470769766,2.946620260558719,7.50341544906504,2
Santo Niño 2 ,77.14075315265526,3.0179233984001024,9.957947176077605,2
Santo Niño 2 ,83.12077628147047,6.214760948398397,0.19329435493885963,0
Santo Niño 2 ,78.76701968590285,6.100156468475208,0.3056743007094101,0
Santo Niño 2 ,77.2356779777866,5.96123779403985,1.00145711162678,0
Santo Niño 2 ,76.203582079246,6.271872068636482,3.1040493475997977,1
Santo Niño 2 ,81.16657909029188,6.131547120345499,6.677320809856798,2
Santo Niño 2 ,81.09521853963794,6.25809912171753,11.908333331042725,2
Santo Niño 2 ,78.72483333265033,6.0165527839632995,15.315566957235964,2
Santo Niño 2 ,76.5736951107812,11.710685129751768,0.1929490601853236,0
Santo Niño 2 ,79.27703115916185,11.463392023637667,0.3829298241642956,0
Santo Niño 2 ,78.48973996050715,12.27130182178062,1.649970773234259,0
Santo Niño 2 ,81.41696511788007,11.545563597606641,5.2287287089381245,1
Santo Niño 2 ,80.84623399562152,11.763330153926361,11.176111095748391,2
Santo Niño 2 ,78.91674982558033,12.038965089460676,18.59371212512637,2
Santo Niño 2 ,77.74314043403992,12.077299905335698,26.16074400239074,2
Santo Niño 2 ,83.90428772924473,24.241399672769127,0.399079676615127,0
Santo Niño 2 ,79.63201296956892,23.19901279283928,1.0142278163507115,0
Santo Niño 2 ,81.5061938862419,23.711369771571956,3.5291937752715508,0
Santo Niño 2 ,77.12442374062688,24.28126614508072,10.020249778430218,1
Santo Niño 2 ,79.88471759727518,25.127565275121082,19.630746417575438,2
Santo Niño 2 ,76.22029375895572,24.546314730479253,30.021075797873937,2
Santo Niño 2 ,80.0436409432836,25.0142490170255,42.09158191238431,2
Victoria Reyes ,133.9394228111066,1.0262212058314177,0.0977742673480098,0
Victoria Reyes ,126.51784592621824,1.0091716968892401,0.10142802050162084,0
Victoria Reyes ,122.09914896095887,0.9692023369136344,0.2038560239725982,0
Victoria Reyes ,121.9962341237676,1.0166685651892513,0.5185483799931271,0
Victoria Reyes ,126.56623052731993,1.0123379565959907,1.279503430719929,0
Victoria Reyes ,123.64831918672888,1.0102469170457267,2.259349907624829,0
Victoria Reyes ,121.89890683300078,0.9989785867988241,3.0184067472568015,0
Victoria Reyes ,131.27953425856225,3.0085969811967828,0.1038283649067808,0
Victoria Reyes ,127.4690945136882,2.9503327581354313,0.20055624216591242,0
Victoria Reyes ,125.30233308124998,3.005793807792691,0.601057789703878,0
Victoria Reyes ,133.12106474261094,2.9092667717035434,2.015575416288182,0
Victoria Reyes ,123.08657869056672,3.091552319208113,4.509698756262671,0
Victoria Reyes ,133.8357610106281,2.9057330864096125,7.900841311515488,0
Victoria Reyes ,125.61877398243011,2.87548988696684,9.76503462130008,0
Victoria Reyes ,132.97156700555112,5.961747615814295,0.19106869204782034,0
Victoria Reyes ,129.3176688189371,6.0949844637036374,0.31312651012222015,0
Victoria Reyes ,132.18185420469104,5.962630094960125,1.0029875625518205,0
Victoria Reyes ,134.19536848909394,5.8660524791707855,3.2367689646614197,0
Victoria Reyes ,125.29158960407995,6.034902710334264,6.7880480490844155,0
Victoria Reyes ,133.9025342132172,5.90820140124732,11.32051579407682,0
Victoria Reyes ,126.58536825475097,6.25972061407598,16.428943005469865,0
Victoria Reyes ,126.5345523806326,12.507174167524287,0.20494449290177175,0
Victoria Reyes ,125.95695493445767,12.002846183966515,0.3924681328597125,0
Victoria Reyes ,128.5300173740491,11.79346079282191,1.5689982792365442,0
Victoria Reyes ,123.57305655268463,12.284558896747967,5.272299104261814,0
Victoria Reyes ,128.68750701258256,11.44405553217968,10.433869410938046,0
Victoria Reyes ,128.53382159884805,11.969722807252381,18.893611370008948,0
Victoria Reyes ,131.35234320134234,11.8035880731244,25.09901219725724,0
Victoria Reyes ,132.2707195128011,25.00928612424613,0.4037193899102198,0
Victoria Reyes ,127.23764928399903,22.828807265454437,1.0435994179001777,0
Victoria Reyes ,125.46986559169912,24.126755701724036,3.7659053255685593,0
Victoria Reyes ,124.91948668565881,24.577592594559903,9.815285514342367,0
Victoria Reyes ,124.09118510982236,23.9640431700577,19.462010339009343,0
Victoria Reyes ,122.33788905214752,23.00496727239053,29.551626868221742,0
Victoria Reyes ,125.98333412908433,25.133907336066965,41.74889343781103,0
Zone 1 ,83.04710538311166,1.0018010431376099,0.1049668327793468,0
Zone 1 ,88.96454777986446,1.0114186244319012,0.10250790231179788,0
Zone 1 ,85.49052502312537,0.9736609782707507,0.20289439954763636,0
Zone 1 ,83.70185483175932,0.9983498085106803,0.4927644821609659,1
Zone 1 ,85.68397460844642,0.9929149491958322,1.2413909077901564,1
Zone 1 ,81.93317196143842,0.9574895842001984,2.0968325127277345,1
Zone 1 ,84.52437186821872,0.9606160353547467,3.0162543766346395,1
Zone 1 ,86.07299173207905,3.1012417558856322,0.10262032721039052,0
Zone 1 ,84.90563157023584,2.921945985661977,0.2007475838088771,0
Zone 1 ,84.16511980556176,2.908487481449589,0.6204471043163469,0
Zone 1 ,89.19771130564743,3.0014734353750416,1.9066853066186442,1
Zone 1 ,88.23267547826588,3.0806241394087537,4.341370913627414,1
Zone 1 ,86.04895064435524,2.8685839555736963,7.351488145336504,1
Zone 1 ,85.5897075700494,3.023042375891477,10.146218427520264,1
Zone 1 ,86.02561407850897,5.771526265704344,0.19144752786388247,0
Zone 1 ,82.46115291649068,5.721876630495371,0.31362394924713216,0
Zone 1 ,84.10867081774671,5.73164637129733,0.9723255401069361,0
Zone 1 ,81.08540602957264,6.200498464925065,3.3351384881547474,1
Zone 1 ,84.79214131863803,5.770783490176837,6.749607345424943,1
Zone 1 ,85.36570896364013,5.727090818647375,12.372918477241157,1
Zone 1 ,82.68587275687729,5.962739932285747,16.08649341353634,1
Zone 1 ,88.94424520090686,12.41279216633043,0.20861665728351617,0
Zone 1 ,88.48036419296656,11.714890051787162,0.38021395954776893,0
Zone 1 ,86.8882175013752,11.9060551410311,1.6397182089889442,0
Zone 1 ,85.28378634450559,11.447907039076501,5.305555833082282,1
Zone 1 ,88.14473785700532,11.93889421696185,10.507295418007061,1
Zone 1 ,81.86054492249943,12.093135696764561,17.464949050152516,1
Zone 1 ,87.46933325133652,12.085088464502574,25.530963031985873,1
Zone 1 ,81.81097691871821,23.597824061218475,0.41734715624531743,0
Zone 1 ,87.50079063166994,23.557279633591524,1.004238656019044,0
Zone 1 ,83.09402433013653,23.055896685447834,3.710158891577041,0
Zone 1 ,88.20526993865461,23.680315969551046,9.544714857116329,1
Zone 1 ,88.77435779751588,23.038787205295115,18.14650796618805,1
Zone 1 ,82.01476573994348,24.639830267308923,30.951040552417876,1
Zone 1 ,84.68274264305585,25.119058314595645,40.93894338395124,1
Zone 1-B ,79.6555040740364,1.0470074456666707,0.10133849818735324,0
Zone 1-B ,75.87389651339592,1.0365071099375394,0.10414616454515192,0
Zone 1-B ,78.76296117111055,1.010079214933962,0.19417303826316862,0
Zone 1-B ,76.67435956819803,1.020086569724388,0.5082636418118456,1
Zone 1-B ,75.05250730018898,0.9785205802680415,1.2452308149719762,2
Zone 1-B ,74.37195502199661,1.0130770420172621,2.222826131644275,2
Zone 1-B ,73.74449549225426,0.9955649549439878,2.899179516285961,2
Zone 1-B ,77.98966625447049,2.9946052019330796,0.10235953560515179,0
Zone 1-B ,75.13770785185501,3.077332968112547,0.19602462589587819,0
Zone 1-B ,76.08569351272571,2.9345755066791757,0.5978034605282787,0
Zone 1-B ,75.94167364800899,2.945411883508356,2.019886108405524,1
Zone 1-B ,76.5873206221718,3.127392537338591,4.2553603006931455,2
Zone 1-B ,78.7783863067466,2.8668672884552917,7.732436553056304,2
Zone 1-B ,79.65361901123407,2.9956902895240023,9.99869314744955,2
Zone 1-B ,75.29763998516101,6.247680480244717,0.20324743719825508,0
Zone 1-B ,78.48914380800791,6.066217804690894,0.2897484915209812,0
Zone 1-B ,78.01041123937586,6.027844244527279,1.018811765920635,0
Zone 1-B ,76.55882003106235,5.849846507537613,3.081020183299348,1
Zone 1-B ,79.46595829145069,5.905965293438669,6.749242417463589,2
Zone 1-B ,73.72360631801587,6.2112290494828155,11.501703167011875,2
Zone 1-B ,73.03040799835313,6.035530879061075,16.397400399085093,2
Zone 1-B ,78.6901109488612,12.017690632508137,0.1952407000901375,0
Zone 1-B ,75.53753860641649,11.519495656248035,0.41526869225581586,0
Zone 1-B ,78.63696329197366,11.419233787746148,1.6626912338250581,0
Zone 1-B ,78.98748555948515,12.55642222642446,4.94518507076362,1
Zone 1-B ,72.67467771150494,11.85238340074421,11.02409208005842,2
Zone 1-B ,78.91433219869405,12.123855674519405,17.449646107930334,2
Zone 1-B ,75.6072248208076,11.495658087824742,25.445979188725193,2
Zone 1-B ,76.07928691643217,24.43947428573531,0.40853286918005094,0
Zone 1-B ,76.9621030843084,25.038160100894306,1.0159423246849917,0
Zone 1-B ,79.24050781114866,24.181596607193807,3.746139247680445,0
Zone 1-B ,72.3452823176662,23.102676773700985,9.68471545502582,1
Zone 1-B ,75.82401035921541,24.196131665936345,18.867027653419708,2
Zone 1-B ,77.42668752247226,24.639233311451164,28.82804432639026,2
Zone 1-B ,77.69257287850654,23.775399687777643,43.63522744325148,2
Zone 2 ,85.6172724249117,1.0379837747941467,0.10003888796791274,0
Zone 2 ,80.92925508702822,1.0148682953357364,0.10208765632345655,0
Zone 2 ,82.31492294232213,1.0399248918289203,0.19497887049593746,0
Zone 2 ,82.81321041350292,1.0123505311247336,0.4912219114317533,1
Zone 2 ,86.55727254450784,0.9631287972004824,1.278447993843815,2
Zone 2 ,82.14158292828225,0.980969171110519,2.095663330144388,2
Zone 2 ,81.5699216964845,0.9701794948252457,2.952314361849187,2
Zone 2 ,87.84256335992,3.1226479493150587,0.10303304573518034,0
Zone 2 ,79.87445159495314,3.078120020186245,0.20794596991499478,0
Zone 2 ,88.18169518772862,3.052919510673002,0.6010930989381557,0
Zone 2 ,85.48529891040212,2.9402898958894865,1.991100339043844,1
Zone 2 ,86.75914211537258,2.905213431615064,4.193562832227723,2
Zone 2 ,82.27480292930802,3.0769353263966734,7.836299274876963,2
Zone 2 ,79.9202483324033,2.992247383763724,9.70327041769439,2
Zone 2 ,85.99810395591685,5.835473731290377,0.20889500160420424,0
Zone 2 ,86.80681461480567,6.069973186899165,0.2996764874606427,0
Zone 2 ,86.01999950840955,5.724200311283071,0.9841934493574727,0
Zone 2 ,80.99994241332705,5.895702152476952,3.3357498991496515,1
Zone 2 ,86.12879454695855,5.981134196754681,6.476585875314866,2
Zone 2 ,86.25895136970418,5.788775000465644,11.896081375945524,2
Zone 2 ,85.33174033162847,6.290792686554504,16.07829203919894,2
Zone 2 ,86.23537383548293,11.650916837507538,0.19438640802422766,0
Zone 2 ,86.90574009329295,11.556423756051919,0.39715549725400845,0
Zone 2 ,84.95427455959465,11.644241848664276,1.6243622409510032,0
Zone 2 ,80.54427959734531,12.32287335979167,5.215836910409783,1
Zone 2 ,83.89607360120458,11.910606791126211,10.355781375990173,2
Zone 2 ,80.45225441124148,12.078499127703045,18.995073242765645,2
Zone 2 ,83.22336146067242,11.425210988383633,24.86199152048051,2
Zone 2 ,83.21969450865527,22.882635140575957,0.3893432173688944,0
Zone 2 ,80.35448269077803,23.869981319584838,0.9763473445693849,0
Zone 2 ,82.73009248534363,24.759972583683897,3.5289934505242533,0
Zone 2 ,80.73238402984704,24.924573308898157,9.526821602354422,1
Zone 2 ,86.58917576407747,23.008095762229537,20.02892835282335,2
Zone 2 ,87.76057941810156,24.092071445042453,29.46528064560661,2
Zone 2 ,80.40745839216669,24.991751247070248,41.05733565574774,2
Zone 3 ,109.77870967656287,0.9887972754397887,0.09606991261174624,0
Zone 3 ,105.23705429303583,1.032956583142837,0.10219459967669972,0
Zone 3 ,102.89543961851568,0.9633695654399437,0.20709137328065283,0
Zone 3 ,100.55705179039971,1.04353944896678,0.4878476149754235,1
Zone 3 ,105.00655481473939,1.0251423317531303,1.2377182366035806,1
Zone 3 ,108.09241321715287,1.04413343927869,2.1390798040579786,1
Zone 3 ,107.17440801130033,1.0176617233552507,2.866954707239027,1
Zone 3 ,100.27737312037172,2.9590211795998282,0.09603394936630041,0
Zone 3 ,100.51546927136299,3.1314543517574167,0.19863016239695286,0
Zone 3 ,103.9801694676427,2.9326700328927537,0.583795102251698,0
Zone 3 ,102.8505501875034,2.9496517566185196,2.0031891757050846,1
Zone 3 ,102.1900353920885,3.060242525400522,4.291537251433164,1
Zone 3 ,102.70054723854149,3.0795948898576158,7.882605662332725,1
Zone 3 ,108.1865688046173,3.128821045154746,10.614062847284789,1
Zone 3 ,109.50689456313447,5.822881445433726,0.20133612210020932,0
Zone 3 ,104.00357829253944,6.178798821131535,0.2956327197596216,0
Zone 3 ,109.26416552239122,6.143127632038178,0.9881146882034736,0
Zone 3 ,103.12570486310275,5.7382767337521585,3.171792730606239,1
Zone 3 ,104.7525883566098,5.932333884726124,6.954753939051762,1
Zone 3 ,102.123304477068,5.869659274236059,11.74293401471223,1
Zone 3 ,106.47499844284636,5.882694254612418,16.570767914409437,1
Zone 3 ,110.0293017093355,12.57953625546564,0.2088818957186073,0
Zone 3 ,106.08667750845548,12.171332896175914,0.39343784613515737,0
Zone 3 ,103.50704788319226,12.2612113893522,1.6097111170201088,0
Zone 3 ,106.55208318290055,12.57194116477801,4.893478833784608,1
Zone 3 ,101.04066712388656,11.852642138949166,10.573511262065331,1
Zone 3 ,109.08092034278668,12.362208202143368,18.04250769541249,1
Zone 3 ,105.03238148318829,11.921437155965394,24.969206486657328,1
Zone 3 ,104.46817229141624,24.88688081235595,0.4150624196315487,0
Zone 3 ,105.90158027876195,23.233578099147127,0.9658286256059098,0
Zone 3 ,106.31023055928873,25.074446824954272,3.683594503974644,0
Zone 3 ,100.50364596537838,23.32505210018611,10.004642248055278,1
Zone 3 ,106.91748082284573,23.582929216754234,19.466460064587213,1
Zone 3 ,102.29028264331306,24.614861361856274,29.66897424791897,1
Zone 3 ,107.2465026413192,23.745012339756975,44.276053023454594,1
Zone 4 ,92.90281314945777,1.0108211376766447,0.10068319151077926,0
Zone 4 ,92.73562656797269,0.9944573501069428,0.09939507780447553,0
Zone 4 ,90.47250870667101,1.0242369937089781,0.19134481268104075,0
Zone 4 ,90.18152903079677,0.972833125236861,0.49823447342225824,1
Zone 4 ,86.78588365205471,0.9558457987236877,1.341695659306045,1
Zone 4 ,92.47811535362823,0.9799929397473066,2.2251990240086896,1
Zone 4 ,87.94268442402043,0.997430866486843,3.0996487361187355,1
Zone 4 ,89.97025880536152,2.9004060156578038,0.09994011670599307,0
Zone 4 ,88.05846683634765,2.9564391868969166,0.19236923410188964,0
Zone 4 ,86.70445526699724,2.9699949054880705,0.5708183907501528,0
Zone 4 ,91.16601927202562,2.867217553106482,1.9606439093437182,1
Zone 4 ,85.98898831340614,3.0249921744552615,4.487115807459029,1
Zone 4 ,92.2378071071358,3.115303028391386,7.769146227475979,1
Zone 4 ,88.35828115735005,2.895522873885916,9.991667891312735,1
Zone 4 ,85.50121223704036,6.058684808040908,0.19991307841766495,0
Zone 4 ,90.10016225313507,6.098843522946508,0.2976335671330224,0
Zone 4 ,85.92166717674843,5.951600808251573,0.9910522784351428,0
Zone 4 ,87.9855260203881,6.120658552418562,3.1140315882240484,1
Zone 4 ,91.86278838710145,5.946438926094607,6.5527323514200315,1
Zone 4 ,86.0642065945968,6.002782372786461,11.442092498712832,1
Zone 4 ,93.05404643120403,5.704411826732656,15.288531819461355,1
Zone 4 ,85.53437930392725,12.230064136961627,0.19396261483647156,0
Zone 4 ,87.72141482281712,12.19361121473367,0.3803680359050152,0
Zone 4 ,92.16813650536864,11.446081052791614,1.6203613441017566,0
Zone 4 ,88.34643134756377,11.84190012887416,5.0063514577677175,1
Zone 4 ,86.41703149259412,12.57483820895,11.41572773545533,1
Zone 4 ,88.74210526920385,11.90488387508234,17.64256503241286,1
Zone 4 ,87.93353957746073,12.00233448615821,25.32839399712143,1
Zone 4 ,93.08440711944499,24.983832379583326,0.39431364634566135,0
Zone 4 ,88.32013125826629,24.521428502077814,0.950845149606246,0
Zone 4 ,92.60039224598407,24.196968314698136,3.8255069426246,0
Zone 4 ,93.52684930329661,24.714731235218576,9.436674515542881,1
Zone 4 ,89.40435677618876,24.874479039494336,19.940743484332852,1
Zone 4 ,93.68948829468953,23.89653137216944,31.197007201983048,1
Zone 4 ,88.89586248566873,23.940260075836406,42.85167858168707,1
